#{"t_start": 1669332111.8025417, "env_id": null}
r,l,t
0.81783,52,2.747738
0.308021,51,6.693213
0.283682,219,12.04089
10.294031,442,21.763893
0.612593,59,24.289688
0.658478,65,26.34825
0.925442,190,30.877935
58.042305,219,35.98364
1.325886,143,39.303174
10.002134,244,44.353514
0.782337,143,47.56902
0.983784,133,50.511573
0.656316,189,54.290714
0.694451,60,56.114822
0.667656,411,63.960207
0.719465,53,65.643715
0.980971,63,67.39375
1.171056,455,75.331621
14.417552,374,81.917661
0.32556,158,84.990636
423.13459,501,95.752263
1.113362,138,98.482268
1.553655,157,101.36887
0.807407,49,102.736854
0.508154,72,104.400869
0.533958,58,105.837395
0.400216,161,108.808556
0.943566,100,110.852142
1.198243,132,113.294274
0.846772,83,115.092623
0.838808,105,117.113977
0.429577,66,118.714607
1.188127,57,120.207606
1.037587,154,122.995888
0.571806,158,126.005216
0.774099,237,130.307434
0.753463,58,131.94242
0.592611,57,133.593739
0.819863,120,136.146505
0.852832,123,138.80117
0.893707,458,146.603235
3.341542,118,149.187481
0.385194,67,151.010279
0.252946,58,153.104691
0.788912,209,157.357996
0.903294,49,159.012481
86.551976,281,164.451198
27.94811,340,170.822642
0.473244,129,173.810548
0.580165,43,175.341618
0.663469,108,177.884485
1.737237,227,184.849277
0.628498,252,189.740861
0.54246,240,194.347713
0.730984,63,196.075095
1.461572,61,197.776024
0.528085,60,199.462453
0.270761,100,201.698316
0.400624,177,205.100516
0.556201,43,206.466867
7.382372,231,210.572171
0.669194,50,212.073011
0.848438,47,213.617125
28.161317,191,217.060441
0.924882,138,219.682497
0.730388,54,221.162257
1.014693,63,222.696553
0.504163,69,224.265333
0.967764,197,227.65116
0.937384,222,231.586644
0.40934,43,232.954367
0.505597,46,234.422618
0.62011,68,236.191997
0.518851,316,241.826407
0.943937,262,246.832468
0.922565,240,251.392498
1.217642,154,254.69043
0.776486,50,256.271861
0.449491,74,258.260884
0.361537,67,260.127731
0.452422,69,262.079767
0.773461,81,264.227587
1.011248,57,266.023107
0.712829,57,267.799909
0.701289,44,269.364318
13.164393,179,276.325137
1.446401,194,280.127743
0.885079,164,283.462185
4.719411,123,286.253793
1.073884,144,289.364554
0.899142,78,291.384662
0.75751,83,293.488099
0.771065,53,295.135219
1.207206,160,298.442316
0.895313,242,303.198133
0.720712,67,305.110831
0.557207,44,306.590816
1.137382,72,308.496115
0.930978,56,310.234814
1.849198,195,314.272104
6.32489,438,322.043374
0.922323,63,323.844059
0.491101,163,327.162532
0.812622,58,328.815432
29.454707,213,333.168851
0.964051,110,335.667476
11.86738,378,342.428289
0.738357,302,348.115517
0.401788,61,349.898955
0.720324,52,351.52698
0.565222,161,355.037014
0.86924,68,356.971684
1.220149,63,358.854761
0.976669,58,360.625024
6.721266,359,369.931803
1.347166,165,373.516015
0.952481,369,379.47098
0.541728,271,382.250998
2.285947,90,383.490721
0.834959,54,384.432438
0.739234,67,385.442207
0.4007,57,386.381763
0.654863,51,387.310744
2.400378,325,390.682088
0.385514,72,391.916526
0.760273,175,394.103111
1.12371,57,395.135735
0.788461,210,397.53161
1.777358,63,398.624713
0.623442,159,400.639121
0.649817,171,402.663413
0.78928,99,404.033088
0.898618,51,405.011988
20.367523,276,408.024568
0.562466,70,409.24623
0.357773,62,410.355773
0.984434,91,411.764587
0.813599,43,412.615839
0.782776,51,413.582105
0.762867,320,417.034214
0.946345,131,418.736704
0.685761,54,419.771097
0.761134,56,420.803507
0.715964,69,421.936907
0.658524,128,425.208468
0.65777,99,426.625293
0.472092,73,427.801507
0.498549,82,429.094588
0.617931,102,430.53122
0.24266,143,432.364474
0.725909,54,433.399172
0.583711,54,434.347984
0.757745,96,435.779605
18.212681,404,440.017442
0.680717,687,447.089859
1.886639,347,450.956637
0.705817,58,451.981006
0.657973,277,455.256989
0.69886,57,456.307689
1.446197,197,458.735733
0.731947,170,460.820801
0.93888,216,463.410144
0.799286,83,464.65676
0.749459,238,467.464806
0.712072,192,469.790491
0.730593,73,470.962319
0.73234,325,474.530009
0.84058,273,479.243239
0.896386,192,481.64602
0.669524,65,482.736023
750.681017,568,488.768996
0.64587,334,492.546748
0.923692,195,494.886043
0.805132,451,499.712335
0.585036,364,503.760143
0.79249,130,505.571059
1.041015,173,507.708115
1.393827,136,509.535807
0.706471,323,513.329194
0.716961,49,514.662126
0.693963,123,520.237199
0.991808,54,523.473902
1.443782,140,527.924925
27.040648,441,536.30162
110.573782,241,542.847012
0.743256,61,544.519159
1.113913,58,546.154738
0.81626,343,552.61229
1.749647,210,556.864061
0.969305,285,562.36892
0.667826,58,564.168544
152.073513,385,572.813162
13.944558,372,581.181843
0.876801,54,582.895074
0.795346,55,584.617382
0.783585,279,590.107456
1.08502,304,595.809923
0.76651,164,599.275849
0.69708,166,602.764389
0.91213,50,604.327439
0.838015,123,607.090696
0.805534,161,610.509508
0.643295,71,612.542726
50.462188,254,617.297152
1.027669,68,619.127295
0.863886,49,620.681341
1.166613,239,625.25146
0.845905,51,626.83
136.495742,360,636.143969
0.856737,56,637.830694
0.396227,159,640.980521
7.395617,216,645.16614
0.727721,338,651.239196
1.571376,317,657.176835
161.480103,388,664.300487
0.764965,55,665.969277
1.018654,148,669.155959
1.000219,338,675.336733
0.926874,128,678.159808
1.420925,237,682.695932
1.836631,200,686.683933
0.875658,150,689.803737
1.329139,232,694.60943
60.381774,257,699.428902
0.699897,64,701.184103
1.830872,322,706.962625
0.81562,153,710.139806
3.943833,309,718.173634
0.996287,92,720.493051
0.71357,132,723.280215
64.275792,473,731.73908
0.97215,173,735.254478
0.61568,166,738.559161
0.923346,178,742.095924
312.962791,562,751.802798
0.653122,85,754.101335
0.432244,60,755.775641
1.237,159,758.940423
0.561966,160,762.149617
0.776631,59,763.797601
0.758621,76,765.71336
18.563754,322,771.28242
0.717037,218,775.303779
1.070909,426,782.591327
0.95341,240,787.081513
0.941108,56,788.691503
0.703945,277,796.004693
0.222715,68,797.805762
11.632713,392,804.511431
1.007958,84,806.562411
26.629715,159,809.699181
1.004715,194,813.635177
0.658607,287,818.755861
0.794408,55,820.304134
464.0344,385,826.977146
0.879348,73,828.766652
146.992003,360,835.037744
19.973047,364,841.340492
0.584955,160,844.49248
1.025025,59,846.177658
0.929656,153,849.20979
1.421745,108,851.535576
0.550117,392,858.186045
0.954634,157,861.269624
1.051285,63,862.897589
4.550219,221,866.927334
1.033921,227,871.079891
1.048636,140,876.484362
0.872598,247,880.927895
0.505704,51,882.473671
228.118596,315,887.676583
0.506947,57,889.227791
1.124235,123,891.745527
0.640101,242,895.983297
0.806147,165,899.13756
32.411434,241,903.402488
1.212382,162,906.460929
1.468517,173,909.708147
1.165415,134,912.383587
0.881841,239,916.468281
0.466781,71,918.156919
1.038981,58,919.684198
0.965827,79,921.437973
2.712947,133,923.988827
1.043839,59,925.536553
0.542532,247,929.643458
0.757722,88,931.610093
9.279109,131,934.442572
0.722857,192,937.866427
303.30483,320,943.205425
0.672819,391,949.507915
324.711499,630,961.469223
1.072415,220,965.288192
1.525517,139,967.919433
30.129911,230,971.810547
1.346046,337,977.183642
1.664785,111,979.333393
0.943313,174,982.416956
0.875155,104,984.504785
1.235941,138,987.067053
0.5143,58,988.519058
43.648772,245,992.779474
244.543655,424,999.429012
0.883561,75,1001.19224
1.077228,57,1002.794569
0.607606,86,1004.667229
0.902772,177,1007.69164
0.763256,160,1010.535535
0.759963,208,1014.10548
2.461333,242,1018.148209
1.417202,150,1021.023002
1.28599,310,1028.6064
0.74363,353,1034.77574
1.304793,141,1037.628419
74.092663,226,1041.771107
1.534875,73,1043.633635
0.77683,312,1049.123351
36.452554,251,1054.294077
21.852975,176,1057.729105
0.801405,203,1061.558828
13.938967,132,1064.29137
0.794074,170,1067.637477
0.836967,137,1070.483066
0.777778,128,1073.140348
1.632136,56,1074.696757
13.1497,398,1081.431861
0.607731,64,1083.148709
1.333883,459,1090.906723
19.465208,242,1095.374758
1.225924,95,1097.609282
1.237263,150,1100.497583
1.192365,217,1104.280577
0.798422,459,1114.021058
0.801172,45,1115.457605
56.074245,315,1120.689787
87.239211,511,1128.736365
0.477833,67,1130.36302
0.558453,70,1132.020082
1.020929,115,1134.289372
1.265016,125,1136.711194
0.667668,62,1138.225689
0.917093,169,1141.245761
0.901287,228,1145.14814
0.655007,230,1149.202141
435.355851,492,1157.921212
1.054498,99,1160.661774
1.100823,145,1163.562774
254.571921,378,1169.799251
22.618058,360,1176.007425
8.744749,234,1180.275886
550.293819,435,1189.480609
1.117857,66,1191.149981
0.755233,53,1192.586993
1.448578,61,1194.083518
54.310836,480,1201.407822
71.292063,297,1205.995031
0.973443,74,1207.763721
0.877829,247,1212.164159
0.957291,107,1214.376112
0.407869,57,1215.857441
72.153772,300,1220.723486
0.850134,49,1222.093207
0.771827,61,1223.668975
74.934651,492,1231.278611
394.175645,251,1235.98545
44.781683,307,1241.29332
1.607636,201,1245.043598
0.651362,138,1247.856367
1.393829,106,1250.213607
73.494509,286,1255.253043
0.763603,107,1259.971397
0.714586,60,1261.674528
1.045216,173,1265.076491
1.29827,244,1269.619333
0.932964,72,1271.497608
6.4965,344,1277.653912
1.455223,250,1282.155438
22.478997,127,1284.755302
0.658242,384,1291.279191
34.859117,238,1295.891072
3.470781,186,1299.270326
9.707489,185,1302.64045
0.544604,133,1305.324355
0.848877,194,1308.900702
45.647106,190,1312.400966
0.585964,81,1314.297976
1.096754,159,1317.301951
0.596967,237,1321.442894
52.504042,267,1326.10557
0.906555,147,1329.06932
1.317423,123,1331.726795
41.0458,195,1335.40361
1.265575,89,1339.764922
0.589183,70,1341.571503
0.573009,63,1343.272865
1.639216,133,1345.958468
30.584218,214,1349.995033
0.709678,227,1354.4089
0.822069,299,1359.655338
0.751748,177,1363.086958
32.999674,171,1366.348599
0.394722,136,1369.104476
0.895064,209,1372.963215
125.28046,672,1383.918528
0.953894,150,1386.772661
0.866975,267,1391.559237
0.928709,317,1396.919438
1.257902,105,1399.197468
418.456623,488,1406.991918
111.452936,250,1411.402797
0.814838,57,1413.141305
6.291632,208,1419.083915
1.158417,135,1421.803483
0.903969,90,1423.754357
0.919224,60,1425.300495
2.821789,272,1429.775801
0.72865,57,1431.267418
0.491558,52,1432.725661
0.842625,230,1436.679789
0.83857,108,1438.910704
145.352476,290,1443.768896
1.389702,103,1445.975699
46.858574,276,1450.789678
1.053476,64,1452.475431
8.881122,201,1456.120484
1.038813,190,1459.636756
1.095777,197,1463.216329
10.995619,267,1467.913314
1.099565,252,1472.752465
0.9311,62,1474.457974
0.813486,134,1477.216987
2.924743,297,1482.530889
0.736433,191,1486.153169
32.548898,171,1489.494972
7.423131,146,1492.476061
139.473231,758,1507.233376
1.426855,190,1510.956527
1.379823,144,1513.757777
1.370973,278,1518.557248
75.046788,146,1521.408993
1.08022,224,1525.399174
0.639829,71,1527.025798
0.630577,71,1528.68359
0.560916,149,1531.480781
1.102702,222,1535.675268
1.124239,257,1540.138768
177.640774,236,1544.29844
99.738567,257,1548.715121
10.593511,375,1554.866566
89.960944,303,1559.99525
17.116973,188,1563.429397
11.733033,168,1566.532955
0.492029,61,1568.118285
0.76137,248,1574.939982
16.343619,132,1577.677167
16.139404,225,1581.529205
1.268492,200,1585.113775
0.627282,90,1587.116131
15.498498,121,1589.572659
4.817874,196,1593.538737
2.346972,143,1596.174088
43.363536,206,1599.815954
1.190955,53,1601.228443
1.266427,234,1605.179902
0.739488,188,1608.534777
1.345171,243,1612.770868
3.491164,209,1616.455839
1.428899,171,1619.672283
0.75548,225,1623.545309
1.410168,171,1626.597774
1.964522,162,1629.565156
2.050887,222,1633.388777
0.890359,166,1636.453115
0.478041,185,1639.683964
0.868443,75,1641.429348
3.118436,301,1646.285867
677.718434,424,1655.518369
10.148843,180,1658.857337
1.129524,144,1661.590443
0.978758,197,1665.02906
1.019935,179,1668.214519
40.173775,292,1673.047516
0.892132,45,1674.446028
2.536987,142,1677.220009
4.747252,231,1681.256142
57.316547,207,1685.09358
91.315369,304,1690.518731
0.401156,209,1694.43019
141.997062,343,1700.44802
0.735481,72,1702.284186
0.451296,176,1705.708702
29.795465,352,1711.982831
0.658947,92,1714.234866
16.332464,195,1717.721709
145.114855,685,1731.829037
5.732273,175,1735.067855
0.494704,70,1736.785137
51.042871,212,1740.395808
0.991196,254,1744.734986
63.822062,311,1750.130309
3.597326,220,1754.249075
82.112692,256,1758.907578
46.531769,253,1763.487761
0.981406,209,1767.421875
0.943481,195,1771.146243
0.687389,253,1775.764724
0.379675,196,1779.335771
2.996904,294,1784.273779
18.213014,295,1789.26062
1.82773,142,1791.970813
1.374839,142,1794.732653
80.484018,356,1802.840357
40.693184,198,1806.392842
1.156216,147,1809.281961
8.651612,178,1812.600152
0.652908,245,1816.815812
69.71358,264,1821.064634
142.439851,385,1827.053442
4.53384,146,1829.726556
21.620565,294,1834.730382
17.58365,405,1841.016907
0.830595,78,1842.784824
0.752916,89,1844.621129
1.272127,105,1846.722872
75.972796,234,1850.609934
301.656768,342,1856.042922
27.43946,269,1860.440734
1.029344,55,1861.9485
109.08266,182,1865.148076
1.532416,223,1869.023151
0.904868,326,1876.612808
2.116111,122,1879.063527
14.498591,300,1883.850735
0.990326,147,1886.530033
649.307965,576,1895.514047
31.210263,128,1898.012974
88.267925,203,1901.462304
0.46748,59,1902.988165
0.652599,227,1906.771101
4.139783,213,1910.39599
8.78453,232,1914.308047
36.753705,210,1917.974605
6.592552,218,1921.799544
9.41939,260,1926.226043
41.304954,244,1930.556723
85.228606,200,1934.328072
0.601372,326,1939.965331
183.879967,422,1949.425204
43.783463,204,1953.686377
5.703925,147,1956.68254
20.92889,168,1959.928511
10.331513,134,1962.648754
1.993962,154,1965.667509
1.012596,63,1967.291345
0.918891,266,1971.906303
2.894758,327,1977.393996
3.974762,289,1982.277282
26.473571,235,1986.448935
71.675681,152,1989.543441
0.819548,171,1992.922853
22.872586,160,1996.038745
19.42464,202,1999.891695
12.931411,179,2003.345005
82.790143,227,2007.384733
8.077785,211,2010.986801
1.149431,336,2016.841535
30.190611,188,2020.210716
0.737368,63,2021.795885
1.046124,67,2023.420995
18.185876,154,2028.437637
17.478143,151,2031.236639
0.610872,336,2036.688618
316.206472,345,2042.240046
8.439408,139,2044.879201
16.253635,118,2047.232903
116.472834,222,2051.277951
32.721421,234,2055.407509
285.897905,301,2060.575656
1.649365,221,2064.53891
0.91508,138,2067.28158
9.656474,95,2069.321106
0.999496,159,2072.623165
6.038153,215,2076.520764
84.548908,202,2080.537532
1565.350292,782,2092.875807
18.144069,102,2095.133509
1.103521,193,2098.492608
119.792823,188,2104.211207
21.109504,383,2110.477603
13.272843,146,2113.251347
1.856363,113,2115.558978
42.313728,136,2118.172063
2.435191,160,2121.075197
117.140312,236,2125.164365
122.710507,188,2128.679488
0.559887,113,2131.175307
0.779981,51,2132.864875
28.201437,124,2135.488597
262.960628,359,2141.640573
2.987172,169,2144.992354
18.971501,134,2147.797111
1.154133,174,2151.247331
28.386524,264,2156.024925
606.536537,661,2166.946085
10.570779,260,2171.699006
432.6387,298,2179.270191
1.955502,187,2182.823505
9.720699,241,2187.203525
1.198134,76,2189.043326
110.50568,167,2192.60558
22.499061,292,2197.837581
359.847404,481,2205.883715
78.565229,153,2208.885773
6.827039,104,2211.187469
0.76821,219,2215.25066
1.268169,325,2220.794532
375.73529,456,2228.49123
1.53616,91,2230.562508
562.90485,366,2236.716015
12.269293,201,2240.40918
93.250946,305,2245.679722
0.923254,265,2250.258407
65.406953,172,2256.114666
46.267304,226,2260.06899
1.511429,234,2264.22207
89.01389,231,2268.058565
1.430527,135,2270.510003
332.00852,502,2278.817406
3.855173,290,2284.413662
0.928687,288,2289.290591
0.657526,109,2291.591584
1.248623,203,2295.145373
0.842764,373,2301.115935
87.838236,171,2304.237185
0.857911,141,2306.920301
0.739447,190,2310.375007
124.221235,234,2314.781834
64.142014,162,2317.913795
217.340633,367,2323.969308
95.027772,200,2329.734185
177.975515,228,2333.84402
0.584933,176,2337.161891
15.112248,180,2340.557188
57.204902,312,2346.041956
1.085813,71,2347.84383
0.838703,47,2349.269208
16.562096,257,2353.882331
131.135305,238,2358.256533
11.778147,203,2362.141156
5.368066,189,2365.808201
0.841138,74,2367.653494
22.935734,187,2371.3251
3.557954,356,2377.727554
4.395333,216,2381.69493
25.054667,283,2386.843648
0.959984,105,2389.221328
1.403587,155,2392.29121
115.185385,275,2397.141822
3.865426,101,2399.496095
249.631495,551,2410.936216
18.507479,336,2416.776
3.667409,193,2420.430027
755.434171,551,2429.466178
2.745209,151,2432.74757
17.25893,186,2436.325945
2.769177,147,2439.201292
761.520112,501,2447.338117
809.59779,511,2455.721245
27.206745,242,2459.994536
0.788145,137,2462.760961
0.738526,283,2467.667037
369.979726,360,2473.770693
1.11395,135,2476.440893
11.852481,182,2479.792955
10.585802,139,2484.68394
97.341449,296,2489.742154
77.232491,169,2493.169211
420.189974,349,2498.954523
68.659148,463,2506.464859
1.468907,115,2508.831362
7.672137,94,2510.801116
1.236272,59,2512.300236
0.948423,108,2514.487621
0.919134,214,2518.078696
4.857589,174,2521.213831
97.554597,171,2524.310936
9.386424,244,2528.529854
257.059543,318,2533.734813
5.835625,152,2536.622175
63.893137,256,2541.091621
2.409592,119,2543.542708
0.846772,208,2547.330278
0.616222,215,2551.483505
7.379058,295,2559.221172
0.833822,179,2562.709105
268.415098,284,2567.882763
38.567651,164,2571.106977
14.538772,611,2581.246715
272.617045,393,2588.195874
1.413701,165,2591.477423
48.273887,206,2595.467104
0.610586,192,2599.171986
416.726203,358,2605.167468
4.496181,95,2607.202405
390.37969,648,2617.352236
175.768821,284,2622.098345
1.496405,460,2629.403293
360.249189,252,2636.117857
39.77903,175,2639.418247
54.463273,158,2642.448522
24.85045,143,2645.208326
26.595172,278,2650.120326
1.053752,135,2652.918975
31.409313,235,2657.117946
1.218785,166,2660.290168
7.581788,477,2668.174259
225.52097,302,2673.680375
106.475496,379,2680.086816
2.234771,141,2682.877681
28.215936,123,2685.358962
2.234263,134,2688.059732
116.025648,255,2692.532249
48.289782,143,2695.363941
1.643338,274,2700.117872
6.89504,232,2704.242665
1.571258,84,2706.223658
28.112663,477,2716.214454
38.686888,162,2719.26611
41.745274,127,2721.897556
1.272158,113,2724.219142
234.704233,366,2730.210941
57.516615,150,2733.329867
3.792878,116,2735.797206
211.557031,324,2741.184893
0.925194,134,2743.891006
11.745772,849,2757.07119
11.523338,96,2759.198063
8.839867,173,2762.406288
300.873278,361,2768.435646
6.679665,200,2772.153778
4.623162,158,2775.161725
62.311684,175,2778.390171
2.50716,120,2780.902135
1.236712,277,2787.854038
9.443837,290,2793.192521
10.87059,240,2797.461933
11.109408,147,2800.391288
57.153235,146,2803.251378
0.708018,204,2806.918277
7.123011,96,2809.004039
1.009283,269,2813.690001
1.197036,125,2816.226579
3.102484,149,2819.096509
3.408869,103,2821.329641
0.881145,181,2824.70182
93.742093,254,2829.201587
6.942733,100,2831.45535
21.406359,180,2835.569824
3.292577,92,2838.16186
0.982932,57,2839.905486
105.655849,256,2844.516595
2.273928,120,2847.024155
40.611466,311,2852.737973
415.73463,518,2861.445308
37.810186,128,2866.393021
1.086556,122,2868.903204
57.049779,196,2872.470587
3.511268,160,2875.405798
36.286855,240,2879.478204
2.448677,112,2881.830743
172.814469,298,2886.836684
27.691098,133,2889.540752
2.584181,118,2892.069431
33.545076,158,2895.006703
652.645718,502,2903.297105
2.06024,121,2905.765316
295.580195,294,2910.674981
18.066722,111,2913.169528
25.340553,169,2916.222042
21.763879,122,2918.66249
127.843138,311,2923.74941
31.064864,375,2929.68451
332.090469,379,2935.789646
11.308623,276,2942.526538
0.645359,386,2948.631462
166.776064,360,2954.587623
142.128214,158,2957.525463
1.516489,242,2961.66062
353.940545,327,2967.063787
0.606223,61,2968.663687
64.807197,162,2971.749384
1.670073,86,2973.794325
47.836433,360,2979.556907
27.14057,335,2985.25575
124.302152,172,2988.44762
375.330107,387,2994.736162
24.671306,142,2997.488403
55.53254,127,3000.056489
9.148159,234,3004.193061
117.797928,273,3008.887942
11.265162,255,3015.795307
85.412584,468,3023.548791
17.635499,97,3025.711243
4.718888,267,3030.465666
4.111608,122,3033.316071
10.144455,141,3036.15162
142.98883,213,3040.071997
753.14245,390,3046.654004
397.874619,628,3056.782644
262.374099,244,3061.120826
5.456748,100,3063.322471
27.271954,246,3067.627212
324.934865,389,3074.165213
421.744987,458,3081.72102
53.507539,172,3085.074613
91.52659,187,3091.018093
159.946194,503,3099.715722
54.964257,526,3108.424593
299.29919,407,3115.305186
13.685146,412,3122.186682
28.479596,146,3125.098876
1.20796,85,3127.040458
101.233252,194,3130.693262
1.557161,146,3133.641514
150.342094,305,3138.566523
2.141311,199,3141.989576
113.466324,343,3147.407968
243.763929,294,3152.629513
1076.918282,706,3166.560307
1.502692,198,3170.218019
42.31983,586,3179.689512
299.856816,284,3184.654136
4.560642,269,3189.407695
3.45163,104,3191.641653
10.329055,101,3193.879844
166.872819,262,3198.430165
39.704529,215,3202.301401
12.334732,107,3204.55177
1.02958,367,3210.624362
3.096078,213,3214.777131
7.721023,180,3218.212414
72.563786,187,3221.675628
54.144699,244,3226.140499
63.288068,243,3230.478651
7.977298,94,3232.559186
42.143702,181,3238.305422
1.726982,232,3242.572148
84.022666,351,3248.582645
337.090202,542,3257.627951
155.851896,221,3261.738557
1182.063912,556,3270.187918
47.928343,196,3273.940085
560.577242,313,3279.078778
107.081758,319,3284.265166
7.46369,132,3286.746944
3071.325977,1001,3302.323666
16.937783,192,3308.135217
540.723221,317,3313.571139
203.675593,239,3317.782133
96.789415,187,3321.262479
115.464836,356,3327.201137
62.451777,270,3331.997564
92.978396,543,3340.994235
0.733632,59,3342.595498
22.05662,132,3345.211365
1.178072,170,3348.347385
883.000429,438,3355.354478
858.541843,472,3363.218892
295.291731,395,3369.867446
12.245504,661,3384.179321
899.200057,547,3393.55037
503.158493,340,3399.456449
29.515274,131,3402.159045
180.100258,294,3407.364044
99.652352,185,3410.867071
126.04765,276,3415.882282
2054.999856,728,3427.793996
304.288557,284,3432.667807
7.738774,134,3435.236313
6.651496,133,3437.821838
287.759154,338,3443.359036
80.304064,181,3446.611712
6.985065,146,3449.332001
26.733288,269,3456.517166
113.282472,275,3461.440266
5.62392,93,3463.525765
252.436072,314,3468.913816
6.616468,100,3471.113044
896.590608,681,3482.08859
12.784377,117,3484.541088
178.671611,223,3488.661596
46.554476,115,3491.150041
0.690756,318,3496.53418
0.620696,332,3502.139578
146.260507,198,3505.825006
7.738948,116,3508.158248
489.68431,333,3514.030284
45.165242,231,3518.266969
1186.435643,903,3535.410593
11.520972,116,3537.983131
121.951156,246,3542.505244
77.685076,181,3546.066309
1.293908,236,3550.448778
635.406906,406,3557.500756
117.998675,401,3564.462937
259.53418,287,3569.543138
115.805799,606,3580.183157
10.38374,118,3582.736359
90.411492,348,3588.896422
0.850549,62,3590.593405
25.250669,162,3593.811258
0.770318,354,3600.108022
8.216297,111,3602.482457
500.96242,389,3611.460342
472.889764,364,3617.444493
1.81953,567,3627.325156
936.596288,377,3633.739655
32.522202,116,3636.032738
223.58405,348,3641.806212
222.064191,314,3653.786958
180.955927,302,3662.903656
2818.838072,895,3691.118849
281.955332,423,3702.67046
107.306644,172,3711.396788
70.164036,236,3717.224634
0.945295,427,3725.733379
63.951051,471,3734.4038
56.826681,283,3739.956176
1474.142997,557,3750.782279
1820.264622,562,3761.687389
3.63828,339,3769.362813
92.82214,213,3773.48227
2155.845918,702,3785.279483
35.295323,434,3794.968619
16.830613,317,3800.167015
192.4646,381,3806.232939
150.055342,272,3810.374122
34.149718,257,3814.583772
14.286813,284,3818.73295
13.82361,409,3825.223066
154.686528,237,3828.914478
55.642931,273,3833.945127
41.977119,241,3837.748385
36.865052,589,3847.310086
63.624263,346,3852.834458
1.814146,112,3855.157451
93.407584,319,3862.164513
7.881463,117,3864.4979
40.306871,135,3866.970579
78.950114,299,3871.986353
3.773385,155,3874.999936
77.500589,420,3881.414657
104.346179,173,3884.357169
82.04033,430,3890.727406
39.46726,207,3893.970263
91.278941,369,3899.955996
146.951409,157,36662.812828
39.360367,257,36669.656457
97.949937,162,36672.784293
25.138588,224,36676.115814
48.855353,194,36682.359599
264.241971,314,36686.911723
79.526091,234,36690.450548
21.789797,98,36692.195765
12.834789,113,36696.48284
5.071671,233,36700.162242
4.298821,161,36703.495011
380.614211,305,36708.129916
1.246727,300,36711.890044
4.72166,384,36717.515295
401.827481,343,36721.82595
2.102416,378,36725.876825
1995.906935,915,36734.374333
57.611639,304,36737.379733
41.471817,298,36740.373309
469.29567,413,36745.97649
34.026623,211,36748.200304
544.892769,389,36752.04854
14.499132,171,36753.960006
12.085619,259,36756.867831
146.440511,276,36759.699732
0.808605,215,36761.961207
364.514063,564,36767.160246
33.20266,192,36769.212704
422.72693,662,36775.314602
199.61616,243,36777.832117
179.38102,233,36780.266501
1.404029,564,36785.810328
106.442715,216,36790.407148
428.125373,367,36795.430712
236.652063,519,36801.531622
1063.944456,587,36808.158602
161.737028,460,36813.314818
53.429471,443,36818.819005
95.368343,234,36822.756928
767.267262,506,36830.471357
515.432649,426,36838.083927
73.060223,227,36840.886507
105.279542,308,36845.925273
465.577297,519,36851.493464
6.175043,188,36853.687918
301.538671,335,36857.431439
15.611889,295,36860.702262
14.028365,206,36863.121002
561.004527,457,36867.974293
48.891939,244,36870.777168
118.835145,281,36873.947627
233.867418,357,36878.095948
27.434068,194,36880.48358
13.034042,246,36883.358847
28.041729,210,36885.789166
1.594217,283,36888.940245
716.285689,422,36894.946078
132.967027,243,36897.813675
3.804129,427,36902.2995
1.072375,571,36908.395858
486.944128,474,36913.441774
0.312,60,36914.511696
372.342898,327,36918.184331
24.417998,161,36920.24825
201.104086,316,36923.676627
227.428892,270,36926.744877
21.020719,125,36928.408648
22.071114,118,36930.01056
36.292492,275,36933.112808
13.885733,291,36936.552379
774.099555,578,36944.364373
76.778373,233,36947.220903
65.485389,285,36950.553282
75.45279,219,36953.041687
245.06932,435,36957.678454
1978.541506,1001,36969.00347
170.748331,246,36972.372449
202.517108,315,36976.533226
35.988156,241,36979.760478
398.408776,268,36983.530844
127.581931,360,36987.753029
164.292165,259,36992.42334
159.835811,253,36995.426245
518.785903,340,36999.329317
1.854903,184,37001.580654
52.386208,205,37004.049928
63.096193,693,37011.270443
226.01911,215,37013.845963
213.960936,254,37016.76204
1.8073,118,37018.417163
122.302688,430,37023.053627
15.000101,212,37025.517112
53.363062,167,37027.614585
146.778217,338,37031.4374
183.942602,458,37036.35732
55.039576,161,37040.03034
202.440146,392,37044.299014
68.898878,198,37046.664319
538.915013,362,37050.713838
66.958675,215,37053.271083
7.365808,146,37055.286389
1.944899,216,37058.075399
545.076604,392,37062.407643
444.257204,322,37065.967873
642.668779,485,37072.321418
43.797752,182,37074.562105
1.095461,100,37076.072963
1233.777898,450,37080.946398
143.35153,281,37084.378383
420.420344,494,37092.24579
494.134754,358,37097.023426
215.888176,217,37099.859487
9.593763,242,37102.927935
9.844311,169,37105.361941
50.044651,141,37107.448689
0.878697,250,37110.776684
193.877262,349,37115.32107
532.928151,281,37119.122281
195.251993,335,37122.994249
73.776267,189,37124.88956
146.537824,245,37127.113201
174.934978,226,37129.058549
103.69943,135,37130.381454
2.195603,153,37131.842919
472.448323,377,37134.872906
17.455365,128,37136.140846
80.602224,516,37140.894942
619.83587,581,37145.239975
43.52094,238,37147.22682
267.58568,571,37151.463596
2350.097313,628,37156.031095
203.819223,292,37158.27623
256.61029,293,37160.593915
80.248218,247,37162.666248
353.707547,320,37165.287775
6.074511,758,37173.872351
176.960518,347,37177.693213
301.875615,247,37180.759778
563.809065,430,37185.276602
11.192303,102,37186.598061
1.685852,440,37190.284534
534.154089,492,37194.207624
78.687517,162,37195.913278
214.360562,246,37198.222406
35.730941,229,37200.594564
9.364857,157,37202.235784
244.905665,418,37206.184771
1.486982,339,37209.169173
49.613806,186,37210.912483
229.966495,303,37214.805959
34.234954,181,37216.634129
51.757154,258,37219.068942
65.924686,417,37222.887379
72.61503,188,37224.720252
5.831499,161,37226.247077
10.81178,125,37227.590627
107.752439,218,37229.79293
74.337064,427,37234.269147
54.250141,150,37236.286038
16.818705,116,37237.862887
231.029313,444,37241.959939
367.298778,370,37245.556716
57.742987,133,37247.265216
89.174288,306,37250.22563
1525.084612,1001,37259.581502
146.890749,285,37262.149814
114.726084,192,37264.258601
677.645945,440,37271.372037
87.340196,172,37274.311624
4.807907,355,37280.211465
11.053432,155,37283.377453
688.899506,403,37290.000512
35.765747,164,37292.925922
10.996263,94,37294.926531
978.776017,455,37304.358411
39.536585,213,37307.560699
27.491434,170,37309.462323
180.29033,332,37312.283714
46.400093,218,37315.629412
183.419721,197,37317.69769
102.925061,775,37323.697813
119.571204,185,37325.386225
25.80214,144,37326.819076
52.050738,245,37328.904622
862.127779,505,37332.845582
220.185198,283,37335.425992
3.806477,177,37337.088772
28.516408,197,37339.121912
145.966287,971,37346.951581
301.882135,464,37351.63354
309.247425,234,37353.688387
35.789664,168,37355.41114
54.17958,246,37357.73215
50.786565,494,37361.785758
1569.9478,749,37367.346539
66.109471,210,37369.331103
50.794137,165,37370.915469
246.225535,212,37372.908176
70.510495,352,37375.923923
1131.646883,766,37381.898261
14.851476,211,37384.648734
59.132427,244,37388.571396
227.571871,247,37390.859823
7.992761,168,37392.489615
45.373469,208,37394.230386
76.116289,162,37395.721271
17.01492,114,37396.884768
14.50088,325,37399.441354
387.841548,266,37401.560572
208.850241,261,37403.694543
130.995097,317,37406.079345
484.674767,369,37408.916689
129.441249,541,37412.865541
180.479677,271,37415.132422
131.955433,1001,37423.047459
2524.524115,1001,37429.917155
1158.38264,595,37434.280594
226.385146,241,37436.263085
124.029308,295,37438.521052
705.52359,660,37443.318452
1325.956184,1001,37451.221101
50.553451,172,37452.79705
251.770795,330,37455.365599
795.687033,716,37460.429041
112.66423,148,37461.802853
2.261193,117,37462.978871
619.205256,908,37469.294653
38.50813,210,37471.028879
36.276753,488,37474.733568
350.395522,292,37477.213134
27.686792,137,37478.567905
65.409199,159,37479.923704
137.112148,449,37484.164928
9.350063,184,37485.825718
179.05939,156,37487.19852
28.837978,526,37490.957168
754.943552,572,37495.0702
975.632633,451,37498.481994
225.024259,292,37500.766163
87.571277,220,37502.599365
347.569386,272,37504.837263
963.768527,532,37508.752758
210.349587,223,37510.639149
2610.958758,1001,37518.565941
768.410719,769,37524.005856
1817.557609,921,37530.362105
429.325492,430,37533.500534
417.396205,358,37536.485436
542.958116,469,37540.0454
504.608453,673,37544.918921
1151.492121,768,37551.205392
728.364615,438,37554.459819
104.188612,241,37556.427804
165.269777,293,37558.749233
19.492913,222,37560.585235
233.343476,291,37562.873998
321.599221,284,37565.260074
183.88966,290,37567.640543
1620.017871,982,37574.601201
35.150729,276,37576.758298
189.207397,314,37580.230844
66.819209,212,37581.99985
691.675,570,37586.118059
922.833353,430,37589.333756
660.270099,464,37592.81601
715.777956,392,37596.035468
557.176331,442,37599.391538
811.764285,457,37602.784155
1208.274767,653,37607.678119
9.062656,164,37609.072948
182.69924,764,37615.366289
325.31512,389,37618.469085
33.054487,144,37620.185771
37.891827,175,37621.855465
257.001158,738,37627.1515
810.19411,517,37631.027045
449.669647,285,37633.288411
175.31444,408,37636.630901
692.443247,570,37640.696021
30.680694,99,37641.792368
279.209694,368,37645.526059
2059.76968,711,37650.576857
1.892585,108,37651.640249
181.345368,294,37653.910355
639.183542,567,37658.349714
111.973256,151,37659.713615
160.710598,188,37661.376528
148.678173,308,37663.854727
493.777362,341,37666.487648
2021.187386,1001,37673.320084
692.32732,439,37677.555326
69.349056,393,37680.585865
308.683428,315,37683.031641
381.105136,614,37687.554596
377.175393,438,37690.924674
128.151988,364,37693.832777
1544.54632,664,37698.494701
277.267746,283,37700.733519
192.362926,353,37703.46522
35.558668,229,37705.315984
22.053599,223,37708.129659
505.477749,420,37711.325687
323.853357,340,37713.998083
830.527291,535,37718.03983
71.409718,180,37719.641209
55.44078,330,37722.151718
137.948497,367,37725.056958
137.848728,168,37726.565051
180.958744,182,37728.101311
533.734151,340,37730.767592
297.248601,303,37733.094106
34.90603,248,37735.162048
76.822952,176,37736.696314
203.353743,227,37738.681391
529.152687,430,37742.941105
158.351931,223,37744.886448
71.516753,164,37746.35136
326.598317,331,37749.031089
384.571923,472,37752.598224
752.173769,765,37757.960536
130.038249,197,37759.697328
76.0326,188,37761.320709
451.428089,384,37764.253806
147.727623,434,37767.527818
173.553161,514,37771.269298
26.330181,135,37772.554813
6.365154,110,37774.671257
1440.571618,709,37779.9466
232.070792,214,37781.703628
312.019893,507,37785.504279
213.245372,277,37787.730527
208.573968,292,37790.036337
37.684444,203,37791.738402
568.492945,497,37795.419129
28.422643,128,37796.580185
306.385185,343,37799.198425
569.703788,704,37804.315901
184.513337,340,37807.867076
193.440423,390,37810.767208
174.768568,272,37812.978455
190.084999,300,37815.286676
206.579042,272,37817.516986
234.246461,281,37819.711275
226.595779,341,37822.293032
361.444634,658,37826.943067
365.087049,319,37829.295618
714.246023,514,37833.194425
1827.087469,881,37840.643302
365.059788,396,37843.608654
389.510316,516,37847.445851
394.026756,284,37849.640557
7.865159,119,37850.767043
28.304377,202,37852.421702
34.684495,679,37857.621927
181.020989,314,37860.475586
285.052898,335,37863.177393
286.535204,353,37866.018554
109.235114,362,37869.003598
50.933806,900,37876.374276
284.439905,294,37878.812101
73.824673,221,37880.642664
327.194815,330,37883.294806
366.354016,327,37885.946696
357.557079,318,37888.386446
379.261139,344,37891.013908
797.505142,442,37894.301549
10.454733,107,37895.393126
468.239765,657,37900.177811
192.857081,380,37903.925443
94.409283,635,37908.467528
366.262157,694,37913.307369
243.773619,304,37915.65553
253.128512,287,37917.897741
340.136334,463,37921.301395
462.887691,456,37924.676107
1340.596617,640,37929.172092
1422.743359,885,37936.39416
77.940774,194,37937.998818
504.787658,338,37940.62263
381.833781,352,37943.28741
182.182862,299,37945.5479
467.830016,375,37948.388914
32.003107,137,37949.711971
631.6917,455,37953.126002
336.157053,353,37955.970755
139.94797,227,37957.788656
733.674131,477,37961.365041
168.279028,283,37963.630569
22.538214,204,37965.366376
70.613618,124,37966.598248
77.023196,206,37969.257586
37.69667,275,37971.656661
239.543871,338,37974.277914
907.691577,722,37979.348718
372.048624,281,37981.591416
57.458498,144,37982.940161
20.695883,475,37986.48366
46.381126,201,37988.207933
406.377305,369,37991.038903
242.089939,527,37994.936663
94.901831,217,37996.675882
75.894762,357,38000.397514
470.748245,582,38004.673098
202.386826,524,38008.47501
328.081708,389,38011.505923
149.385077,753,38017.088149
687.551706,468,38020.81936
77.7594,192,38022.559294
25.44935,134,38023.959456
886.790038,408,38027.182491
700.775568,377,38030.198776
26.359759,229,38032.16502
247.544021,489,38036.698348
214.76072,599,38040.987562
543.367127,409,38044.159743
61.325815,280,38046.437743
2818.724444,1001,38053.50858
1101.722048,577,38057.628523
55.315876,175,38059.149378
1206.91429,1001,38066.862319
1260.020219,920,38073.249113
55.135648,143,38074.589921
943.171025,441,38077.979642
62.105699,213,38079.73291
68.204345,710,38084.871634
212.724145,300,38087.226142
25.125081,128,38088.482513
211.923775,296,38090.858599
34.353088,276,38093.526096
412.773017,331,38097.46606
373.687748,317,38100.012822
2244.829215,1001,38107.073065
4.002382,206,38108.771326
191.412584,284,38111.013947
277.294564,341,38113.726115
226.428656,729,38118.802832
185.02223,223,38120.585928
332.281564,305,38122.889796
187.99819,499,38126.49574
115.133141,241,38129.44526
589.872461,527,38133.307045
1085.954461,523,38137.3203
235.034519,202,38139.067457
156.413464,323,38141.591085
7.975994,177,38143.119175
268.520382,1001,38149.984452
1210.301847,727,38155.036966
371.942984,518,38159.748643
670.9065,762,38165.254149
54.060516,145,38166.618659
543.228011,440,38169.973322
372.565081,390,38172.943584
720.624596,927,38179.38452
751.031622,473,38182.939617
933.350134,974,38190.59853
48.025032,197,38192.388819
194.567884,185,38194.047865
129.939337,212,38195.93184
839.404235,656,38200.748837
439.665512,395,38203.657142
76.663322,364,38206.408518
241.774896,536,38210.336234
34.601483,301,38212.769631
645.392198,421,38216.096772
32.45789,209,38217.80716
249.966798,835,38224.69729
1269.298766,632,38229.339482
368.597932,288,38231.563203
234.115465,327,38234.01714
235.565266,385,38236.903614
209.634515,221,38238.729619
111.949157,315,38241.084678
63.112945,570,38245.23434
19.900293,201,38246.94978
129.197808,516,38250.748132
165.73929,199,38252.508376
126.811353,275,38255.827437
294.02665,367,38258.736433
22.233916,189,38260.383209
350.776763,501,38264.133225
158.976049,393,38267.078133
67.683809,300,38269.488288
113.13183,254,38271.57051
135.686575,247,38273.628292
89.912127,168,38275.082625
775.518756,616,38279.482484
281.802148,236,38281.392178
163.848558,215,38283.166466
153.142554,293,38285.474535
52.799982,318,38288.891807
2621.708486,876,38295.125828
65.261858,191,38296.76968
1868.807392,967,38303.579839
171.387736,401,38306.541968
173.111946,254,38308.575439
226.427098,353,38311.220634
24.284403,143,38312.526222
82.290844,295,38314.899227
190.682682,258,38317.107313
67.528015,266,38319.215839
1066.525119,453,38323.601903
368.363718,267,38325.779902
42.41008,183,38327.364326
57.112408,202,38329.610651
38.497901,181,38331.385067
579.763101,405,38334.446519
199.642825,218,38336.293933
304.47437,317,38338.738882
58.347017,212,38340.50265
3281.705628,1001,38347.45566
84.030993,182,38349.043841
1681.347053,742,38355.20677
506.270644,377,38358.078899
453.036825,1001,38364.953467
245.760273,698,38369.847684
205.331805,424,38373.049041
358.536058,298,38375.469198
502.206495,430,38378.691983
178.682089,281,38380.929523
649.287764,375,38384.707533
222.479839,266,38386.943213
36.397149,171,38388.478208
334.746719,504,38392.178448
879.624008,669,38396.965348
100.808039,137,38398.222881
123.108452,325,38400.730107
102.340699,225,38402.645804
1068.503989,571,38406.805136
152.707488,212,38408.567408
641.466219,512,38412.232749
856.7345,445,38415.577823
3.370944,126,38417.683671
135.746299,274,38419.967905
80.625418,340,38422.636561
1117.583839,793,38428.270444
945.695866,597,38432.727297
67.107364,292,38435.128182
3.547641,134,38436.487461
176.788409,289,38438.909685
220.167223,287,38441.139172
103.514743,278,38443.448863
207.290125,277,38445.641923
117.869502,210,38447.43974
255.358471,463,38451.777495
550.263556,349,38454.403747
83.645742,194,38456.093157
216.260297,357,38458.756092
477.294187,373,38461.552573
377.124096,323,38464.189133
84.86796,151,38465.641836
21.590095,186,38467.232064
946.825641,696,38472.288058
70.489706,198,38473.974682
66.477254,185,38475.575748
2539.758556,1001,38483.464208
690.77177,478,38486.923208
523.707139,595,38491.163208
133.796039,282,38493.360623
100.965341,216,38495.230819
57.982538,116,38496.503678
20.953107,145,38497.884754
377.686618,512,38501.626488
377.509934,493,38505.351875
103.233209,246,38507.358901
16.834789,99,38508.379383
696.574929,406,38511.407526
397.689343,284,38513.679586
325.062033,342,38517.234928
614.839577,437,38520.522689
874.373387,983,38527.473927
210.784438,286,38529.746855
43.48291,226,38531.5567
109.561467,167,38533.034408
490.283924,370,38535.799622
131.460323,272,38537.9308
267.174954,356,38540.752366
291.002512,278,38542.98044
718.116141,480,38547.358319
625.268224,699,38552.385362
30.313863,267,38554.678029
1286.203402,1001,38561.798491
177.237781,224,38563.711297
146.73978,230,38566.139496
1203.228134,486,38569.742336
1304.850485,1001,38576.803337
743.613851,487,38581.332681
1265.394451,726,38586.579369
98.76852,517,38590.537915
151.345858,790,38596.191827
958.809304,550,38600.227477
200.588713,233,38602.139334
366.304065,377,38604.918897
147.032452,222,38606.722202
97.23577,207,38608.469571
547.993849,420,38612.452541
1064.175558,448,38615.880425
774.65403,408,38619.024909
88.898686,348,38621.685384
276.372348,565,38625.850486
467.358145,371,38628.723865
397.732809,366,38631.529696
210.848323,249,38633.610457
217.609061,595,38638.011925
391.02342,247,38640.01335
926.844537,525,38644.841438
24.794871,113,38645.952841
235.191424,315,38648.491097
658.625581,680,38653.402068
445.540479,320,38655.907375
33.632833,375,38658.725614
470.225283,310,38661.131728
131.842102,937,38667.701411
203.935061,306,38670.117869
198.970821,186,38671.726959
139.030513,223,38673.657323
1211.521712,617,38679.175247
95.603598,140,38680.498878
21.117031,173,38682.013398
123.851114,259,38684.132162
358.060944,373,38686.956569
367.677781,970,38693.656731
142.961132,259,38695.821809
1462.683239,1001,38702.759061
307.989127,270,38704.956305
59.85731,142,38707.183423
1415.873573,683,38712.024041
34.976797,197,38713.691469
96.958061,191,38715.298384
117.799699,290,38717.571894
606.115943,408,38720.710822
31.600546,363,38723.43726
26.270321,146,38724.75269
228.831838,249,38726.823021
8.089792,197,38728.499264
46.598693,150,38729.89077
281.737419,269,38732.054599
753.281114,577,38736.381975
181.787486,296,38739.590211
137.56794,239,38741.534107
62.837004,202,38743.229172
596.301367,455,38746.536819
128.427025,230,38748.399142
728.237002,613,38752.675627
41.897978,181,38754.213809
1624.185022,731,38759.503416
162.607501,173,38761.039845
263.406958,541,38765.03212
934.336512,495,38768.726645
273.972893,516,38773.50455
196.554741,630,38778.049209
186.205129,196,38779.751207
166.741787,234,38781.721069
456.996743,734,38787.063694
1103.594014,568,38791.198524
126.812747,196,38792.850288
878.613055,546,38797.099809
1018.837389,726,38803.973205
454.207564,316,38806.441211
179.494376,214,38808.241528
787.591752,461,38811.818232
45.584315,102,38812.831667
236.144607,333,38815.386636
24.786085,115,38816.511126
119.210759,262,38818.638505
107.830837,340,38821.227227
747.496525,426,38824.472694
128.18022,247,38826.505112
262.765009,239,38828.536124
206.787006,245,38830.585361
1536.756521,825,38837.397501
186.540455,296,38839.741173
462.720943,322,38842.216024
137.28421,160,38843.658006
120.647267,307,38846.074419
2381.70916,912,38852.527687
291.876917,228,38854.36031
70.105978,185,38856.143301
99.827533,203,38857.845211
4525.219194,976,38864.741637
1483.190373,687,38870.493675
258.740107,598,38874.861932
196.782796,275,38877.068414
11.396922,101,38878.117629
181.401976,283,38880.394806
192.730159,331,38882.989345
442.438727,293,38885.274706
224.203096,213,38887.073039
56.717865,165,38888.536526
91.665993,153,38889.98139
187.11736,404,38892.995902
368.094519,350,38895.631427
771.309252,471,38899.054821
327.999763,265,38902.113878
1378.986364,1001,38909.070267
430.194524,359,38911.916073
682.224681,476,38915.473582
309.778884,698,38920.569667
91.710052,169,38922.11881
510.644525,347,38924.756226
2614.054365,1001,38932.696437
117.07543,352,38935.522253
215.905546,339,38938.127026
349.723443,249,38940.136868
35.960974,114,38941.264011
133.678419,173,38942.754692
2568.822597,1001,38949.848369
1127.28599,532,38953.714918
125.538899,212,38955.454891
455.349416,309,38958.025326
1103.466699,597,38962.318752
439.016151,404,38966.340189
245.172018,305,38968.788729
854.021441,357,38971.534925
227.512991,231,38973.416426
459.216381,363,38976.316211
330.781179,388,38979.312508
243.067023,259,38981.385306
205.591455,257,38983.467085
816.821296,424,38986.660398
134.320953,176,38988.2506
179.498472,235,38990.240732
288.295641,336,38992.814569
302.003361,272,38995.070594
1380.670895,585,39000.278815
661.87943,378,39003.132315
98.727382,164,39004.622038
1617.346874,1001,39011.659459
119.366692,220,39013.484556
503.135755,400,39016.667746
880.632404,429,39019.8533
47.134811,241,39021.796064
30.431744,133,39023.049023
127.512208,183,39024.655224
1275.980609,473,39028.148176
247.967577,245,39030.951308
605.931832,1001,39038.634711
392.043219,269,39040.97067
43.144973,311,39043.489032
2200.90386,1001,39050.342902
779.150721,488,39053.962383
358.561147,263,39056.087017
616.182087,856,39063.090183
2546.760537,922,39069.722655
954.932196,495,39073.387524
438.536739,422,39076.594579
95.399605,289,39078.891132
140.528643,266,39081.065746
129.293646,230,39083.039935
491.998402,362,39085.81757
1051.47462,768,39091.327326
216.402004,482,39096.127739
1612.370653,966,39102.952935
60.53608,208,39104.728625
1833.63308,679,39109.627968
173.709181,343,39112.229592
223.997901,214,39114.019799
441.106868,404,39117.021228
99.839496,199,39118.77598
2145.838877,1001,39126.793752
1879.436894,1001,39133.682107
1978.035651,1001,39140.716935
780.605752,437,39144.041422
3620.52213,1001,39151.038686
525.847103,365,39153.853428
297.462641,569,39159.137556
707.251167,593,39163.501956
406.448174,481,39167.074843
128.906322,321,39169.54371
330.043369,235,39171.439229
298.014677,434,39174.57624
521.058133,378,39177.517353
2463.807159,1001,39184.595239
1410.235229,533,39189.391093
1914.004572,573,39193.408607
1903.284519,720,39198.575306
526.765365,433,39201.834374
47.816633,125,39203.027381
761.711385,505,39206.682033
69.483999,172,39208.212297
1734.465708,766,39213.675721
69.553035,431,39217.009462
956.553708,513,39221.703481
343.257611,333,39224.32975
549.662,1001,39231.358026
497.199237,412,39234.396191
287.01001,325,39236.953468
283.954783,280,39239.133957
31.685198,282,39241.355872
1336.094124,632,39245.809279
437.762755,339,39249.445615
2013.467685,839,39255.399241
85.318524,302,39257.728868
119.261149,273,39259.927418
659.189864,947,39267.205515
1141.767808,1001,39274.381102
143.192809,232,39276.461204
254.130411,267,39278.582653
325.187676,489,39283.056026
391.737231,303,39285.364405
2035.703572,606,39289.742186
161.866322,279,39292.005851
108.003674,256,39294.135875
1142.511686,788,39299.692599
678.747514,368,39302.529644
230.625207,214,39304.341358
198.63033,801,39309.938736
471.40152,368,39313.639636
1898.363821,942,39320.278968
495.769551,425,39323.369902
412.540366,360,39326.020739
988.335574,555,39330.024261
618.306693,502,39333.793739
261.862041,250,39336.002735
828.791162,597,39340.317557
160.622631,172,39341.839001
366.460485,290,39345.119533
573.556775,719,39350.16162
577.225267,427,39353.357906
99.534237,144,39354.659718
110.104233,287,39356.903945
233.55619,207,39358.688825
1119.055985,577,39362.773856
617.078861,502,39366.572643
75.250168,207,39368.317372
436.863213,294,39370.637346
414.092983,366,39373.381706
1741.276591,874,39380.509024
355.851278,642,39385.076401
176.795232,244,39387.032168
547.54874,325,39389.610533
132.208785,251,39391.678112
513.058085,356,39394.449466
312.953472,389,39397.641787
2502.351701,1001,39404.551741
695.532708,506,39409.268444
277.838632,315,39411.704093
605.479691,458,39415.058681
340.603265,785,39420.574166
84.345284,259,39422.709706
619.131771,1001,39429.840315
66.449324,133,39431.12736
1685.673293,628,39435.646539
704.575382,670,39441.26428
164.856843,669,39446.117005
445.229722,313,39448.621765
164.940305,228,39450.560474
277.778345,305,39452.91598
420.820045,310,39455.493837
176.956774,392,39458.457377
1056.168438,531,39462.322582
501.591819,621,39466.656034
1017.158091,591,39471.803528
861.933609,430,39475.018221
248.415838,444,39478.299193
910.250666,867,39484.286002
79.035134,244,39486.306219
1179.343251,545,39490.318524
453.473411,445,39493.605877
830.223167,546,39498.242727
176.578952,236,39500.299067
832.248843,388,39504.083163
297.773753,480,39507.738347
428.699323,374,39510.553551
151.871787,395,39513.580476
342.065622,361,39516.459515
225.89719,229,39518.391886
652.764076,541,39522.283521
252.256897,356,39525.013709
433.217273,273,39527.201618
907.694832,505,39530.92023
557.020552,440,39535.184362
1983.382003,696,39540.141461
1565.563236,619,39544.528839
138.483479,410,39547.642298
111.311413,308,39550.059179
564.979752,542,39553.965488
658.418522,390,39556.888068
340.197476,344,39559.47606
243.853672,238,39561.443204
176.838892,381,39565.15555
471.712257,505,39568.830703
443.482149,412,39571.855256
452.860451,471,39575.448838
676.444934,391,39578.536678
2065.275819,869,39584.695519
1399.69422,573,39588.898059
1456.827831,1001,39596.758969
2466.294857,1001,39603.926682
998.201149,496,39607.668253
601.965293,407,39610.85011
2579.216812,1001,39617.912635
225.162275,331,39620.424054
240.052525,445,39623.67969
329.278351,707,39629.613128
181.954729,374,39632.365269
1261.366037,1001,39639.584911
806.220083,622,39644.036179
490.602187,457,39647.47512
12.060439,349,39650.152529
489.521136,571,39654.099673
409.199368,301,39657.347184
52.070709,240,39659.308651
2607.187178,1001,39666.4961
1114.369346,447,39669.87618
997.065852,647,39674.515691
204.634722,317,39677.024764
2034.384684,858,39683.244313
196.202658,532,39687.298413
744.251969,471,39691.776135
678.652135,395,39694.85763
515.736438,464,39698.381603
693.212386,379,39701.300828
75.463908,380,39704.218768
626.355079,697,39709.2534
686.24402,508,39713.018039
301.905799,956,39720.65152
1304.960355,810,39726.897576
104.142692,525,39730.983872
1027.915508,598,39735.321457
73.789322,200,39737.011171
172.842991,309,39739.401728
350.277955,352,39742.053777
814.778137,419,39745.302216
1382.067017,656,39750.071828
54.594969,159,39752.500502
131.200063,324,39755.143721
316.591758,1001,39762.494664
243.041045,279,39764.808911
305.278518,563,39769.012572
31.283284,190,39770.661449
866.843627,644,39775.252875
672.331001,351,39777.973113
48.120515,412,39781.111819
1998.628978,752,39787.812612
148.850082,346,39790.546435
787.035943,420,39793.805962
118.527203,144,39795.125638
1451.145418,605,39799.514332
1629.477967,664,39804.363448
1310.96633,1001,39811.396798
956.986841,517,39816.30072
307.431655,310,39818.819434
748.57987,754,39824.445347
493.340792,391,39827.67354
391.959948,363,39830.826586
284.993654,293,39833.410981
138.656648,239,39835.546007
951.869571,448,39839.067381
38.553287,198,39840.862278
782.500982,433,39844.467165
335.367484,316,39847.514877
73.559477,224,39849.534739
285.176204,280,39852.973194
63.738604,643,39858.489946
412.047945,917,39867.437722
976.899193,460,39872.309095
375.476688,277,39875.847111
811.616151,511,39881.367037
66.379553,202,39883.861682
341.613556,360,39887.976111
145.76594,424,39893.839477
277.7036,315,39902.371615
216.632924,727,39913.212845
217.56366,357,39916.272251
78.974092,198,39918.166717
162.52685,195,39919.986001
2791.265176,926,39927.287634
1443.925025,969,39934.75691
1139.507616,980,39943.373526
96.668979,141,39944.721259
983.425163,650,39949.853258
207.884224,266,39952.122511
352.825447,365,39955.155792
82.792507,250,39957.401439
1141.072354,514,39961.48268
150.905283,360,39964.494301
41.479272,132,39965.869931
591.51442,445,39969.488596
573.118743,393,39972.632986
413.246516,351,39976.46944
651.556529,424,39979.864747
116.531922,155,39981.403551
240.890269,287,39983.916337
433.774493,504,39987.941415
130.753629,231,39989.977401
140.639732,158,39991.466679
440.99635,393,39995.292598
215.220302,240,39997.405823
3095.736656,825,40003.799966
236.265763,315,40006.400038
264.256421,240,40008.541576
271.607399,238,40011.645619
189.619229,244,40013.813667
1164.332699,648,40018.804487
2027.252999,735,40024.369597
492.826638,464,40028.119084
100.002483,226,40030.198755
238.930173,276,40032.587141
3447.270164,1001,40039.951531
219.032321,211,40041.90676
144.587284,235,40044.973495
933.091249,496,40048.977062
141.309633,1001,40056.666756
600.540149,604,40061.332159
163.957414,414,40064.732398
975.148286,567,40069.232784
234.863993,372,40072.228643
715.819561,531,40077.537041
623.497027,365,40080.561265
876.130636,562,40085.019283
344.828324,358,40087.949857
97.992158,270,40090.344475
228.297653,257,40092.621455
943.501899,367,40095.594784
437.840635,390,40098.774649
248.666858,240,40100.93602
3143.867214,891,40107.795458
108.709177,206,40109.696986
323.771417,347,40113.542982
551.193232,379,40116.770291
223.071477,209,40118.782975
598.143599,346,40121.75805
1129.305008,572,40126.243778
434.561305,625,40131.201804
2648.045493,884,40137.941355
2571.409538,839,40144.356607
787.49934,444,40149.012736
278.291072,323,40151.72126
171.616524,218,40153.770669
96.923993,183,40155.536585
1573.882523,774,40161.498991
259.132194,201,40163.35917
135.053231,202,40165.242738
2081.223799,1001,40172.714422
206.544378,338,40175.51572
571.938429,364,40178.444822
941.971871,514,40183.363758
26.463501,348,40186.300322
983.69035,691,40191.739534
266.421795,257,40194.054787
109.798691,157,40195.601565
1717.734596,718,40201.130003
370.537168,351,40204.026895
206.68999,203,40206.079866
3277.789656,1001,40214.715777
1266.7276,853,40221.223881
39.093247,106,40222.356478
230.254144,236,40224.416706
149.589303,223,40226.451007
111.309618,208,40228.394363
407.300118,253,40230.582045
110.625972,341,40233.390497
70.374402,261,40235.819942
1143.055745,526,40239.982152
1026.0138,457,40243.932002
2130.337197,920,40252.32129
116.209927,519,40256.528805
597.516949,465,40260.344722
168.49804,250,40262.556
647.275984,374,40265.998042
114.847885,188,40267.873349
501.091951,366,40270.994997
2683.018829,1001,40278.724958
137.210549,277,40281.093431
2899.443818,1001,40289.695486
119.649979,178,40291.402058
164.140452,189,40293.210782
142.708771,170,40294.901974
243.148958,261,40297.276261
2200.44188,723,40302.883243
133.365989,347,40305.792171
38.083546,98,40306.885932
615.205359,414,40310.217945
135.600247,182,40312.009418
212.068738,258,40314.178293
897.768706,472,40317.940892
47.380249,136,40319.382443
33.380474,116,40321.580966
473.670618,270,40323.921334
3886.122996,1001,40331.454497
240.707331,712,40337.049022
247.992554,415,40340.435148
70.379986,156,40342.002521
269.267606,337,40344.779633
405.942991,460,40348.534126
537.551334,339,40351.392951
165.461861,243,40353.51089
198.944371,419,40358.09266
396.708151,342,40361.088256
1609.491736,863,40376.931751
911.860084,405,40385.41889
1789.055725,799,40394.395041
267.558587,332,40397.290342
146.419736,508,40401.421517
128.958717,193,40403.890841
457.640232,357,40409.252172
2126.610193,1001,40419.676913
42.433427,505,40425.013533
982.162978,736,40433.469182
843.192236,431,40438.981922
98.152732,181,40441.832717
287.811815,248,40444.853538
2770.056376,1001,40457.826993
1557.88475,843,40467.301116
297.637273,317,40471.76264
287.968231,494,40478.143454
535.542408,391,40482.877418
55.25665,139,40484.813504
293.544932,327,40489.051306
203.206661,214,40491.854936
422.834259,391,40496.95958
34.151776,152,40499.277296
132.493955,196,40501.739492
397.694223,284,40505.64879
59.539288,250,40509.158181
743.795549,429,40516.194418
238.016184,272,40519.759965
281.824585,382,40524.259335
136.399446,176,40526.932713
2580.768437,1001,40538.526355
217.901468,229,40541.677106
258.702333,323,40545.851957
1189.054184,1001,40557.106378
254.745186,337,40563.105606
265.1507,276,40567.222201
460.523431,781,40575.891963
1990.746927,1001,40587.43181
242.078308,396,40592.368999
74.826848,161,40594.48913
665.370728,500,40600.70812
887.982656,474,40606.337589
153.337665,256,40609.569092
249.428498,317,40615.492231
113.459327,156,40617.853036
77.003659,322,40621.854631
77.924825,233,40625.018635
91.140967,165,40627.17714
377.087653,393,40632.092606
281.992737,313,40636.324622
520.619506,417,40641.243588
244.17084,205,40644.002447
76.83318,139,40646.237514
80.2603,212,40649.178431
45.027629,125,40651.287073
765.449476,362,40655.783254
383.653997,582,40662.313082
447.023792,1001,40675.223287
141.360023,168,40677.649589
116.655902,170,40680.204217
140.004865,193,40683.123573
561.822165,362,40688.036957
134.890752,255,40691.430181
134.905409,749,40700.402225
872.929247,627,40707.775508
226.043105,264,40710.932486
276.584761,273,40714.332399
103.341579,233,40717.48307
270.738069,263,40722.142186
846.727801,786,40731.7836
418.600077,375,40736.379649
71.458605,503,40742.555991
61.233967,117,40744.637487
198.176867,350,40748.889111
327.530111,283,40752.619689
107.923834,193,40755.226801
218.080328,420,40760.717212
758.446183,473,40767.310101
506.009169,411,40772.458514
670.506303,442,40779.296543
164.570367,246,40782.32498
234.724764,548,40789.283016
872.588721,536,40795.946279
488.088892,561,40802.419688
81.133773,308,40806.443571
60.698264,413,40811.275918
176.251604,296,40815.027093
843.289069,531,40821.086899
91.977216,157,40823.465129
1295.723263,933,40836.290263
37.829779,100,40837.84668
464.978128,421,40842.518105
100.378265,149,40844.599877
1730.639463,943,40855.739268
83.264569,153,40857.893416
259.750292,577,40864.981263
2036.234989,752,40873.891911
752.478977,577,40882.033288
151.970924,696,40890.346153
376.545663,405,40895.325378
68.484394,234,40898.494563
117.24438,233,40901.82734
446.56201,345,40906.444746
143.877238,205,40909.04695
1021.488111,709,40917.347364
184.23047,174,40920.084405
41.554398,250,40923.336955
87.51179,368,40928.110555
179.088594,237,40933.056738
774.355934,622,40940.287028
111.434519,196,40943.054429
330.242014,232,40946.16017
91.026813,279,40949.600643
115.055795,178,40952.284889
384.338987,302,40956.19145
153.184829,167,40958.909324
824.554771,699,40967.333354
128.611007,206,40970.216288
284.712467,350,40975.054582
102.408123,304,40978.958477
311.87821,260,40982.35612
123.355041,179,40984.813504
129.703149,152,40988.667075
94.622452,246,40991.774986
330.509207,266,40995.275186
979.084821,550,41002.037677
96.26973,169,41004.358328
112.761113,209,41007.111088
232.961589,186,41009.581225
531.491558,357,41013.861427
556.217164,327,41018.205934
296.447897,257,41021.382454
261.766371,526,41027.433785
733.988699,414,41032.371641
226.860423,218,41035.197559
777.930492,555,41043.182694
296.03681,270,41046.54867
317.131889,325,41050.863531
159.110825,223,41053.834182
44.052641,348,41058.363741
178.920046,335,41062.941952
100.598174,319,41066.797506
52.682819,247,41070.061445
175.796201,183,41072.837579
58.623754,177,41075.402507
98.917921,267,41078.398629
50.321246,189,41080.889826
246.928477,289,41084.725953
88.033964,263,41088.400986
2314.965038,1001,41102.28865
864.903273,420,41107.696129
449.956415,446,41113.536102
642.254251,407,41118.743353
26.767725,322,41122.856139
4254.358206,1001,41134.801377
300.396651,218,41137.697345
445.856273,305,41142.102121
953.082575,555,41150.454134
184.066162,262,41153.7786
583.960002,818,41163.823458
310.820785,624,41171.601801
64.565096,228,41174.746383
506.223425,427,41180.013678
168.682575,283,41183.557909
596.537661,328,41187.441442
83.018089,157,41189.849121
142.553587,165,41192.426227
240.304215,301,41196.084865
329.296951,421,41202.987552
88.213921,148,41205.171193
305.982274,236,41208.054943
41.542565,415,41213.022235
95.304968,379,41217.347724
101.925879,173,41219.882266
117.008133,198,41222.600628
149.648742,194,41225.336668
347.193472,448,41231.093383
438.208477,309,41234.85234
163.450372,197,41237.780906
672.021101,537,41243.883962
102.433429,353,41248.501273
193.934283,184,41251.498937
507.510829,599,41260.085799
1650.878999,721,41268.519229
458.439361,438,41273.907062
210.218242,310,41278.307551
148.988224,215,41281.109017
643.927905,348,41285.735498
510.050236,811,41295.469126
26.352955,150,41297.590769
65.893197,206,41300.338362
3692.759282,867,41312.310388
889.083855,477,41318.304882
71.14867,149,41320.584054
290.378955,279,41324.191282
245.012323,605,41331.239097
112.96786,201,41333.921269
392.978363,507,41340.095505
298.754463,330,41344.545999
191.94288,233,41347.78143
1030.613607,580,41354.44399
650.13026,702,41364.46594
287.600043,485,41370.306244
117.722095,154,41372.370731
48.831382,117,41374.374789
171.309119,419,41379.712069
411.273382,314,41383.839158
103.139049,154,41386.066231
1013.158001,1001,41397.585807
82.744985,161,41399.892115
729.459692,437,41405.372868
95.933278,214,41408.200187
49.964284,131,41410.215914
41.234604,264,41415.064068
151.309791,159,41417.572126
382.040447,298,41421.456529
43.965947,140,41423.671129
265.344638,360,41428.091653
300.993967,327,41432.570576
369.039089,406,41437.806343
197.740276,402,41443.039922
105.858773,255,41446.516308
82.896547,698,41455.688103
151.984885,158,41458.020978
1103.131222,475,41464.900522
90.483124,263,41468.959135
55.302345,166,41472.708094
327.058743,384,41478.14785
557.674854,494,41484.280887
711.774047,531,41491.299781
329.293362,446,41497.462788
249.89499,281,41501.665651
409.32023,311,41505.728054
58.879963,136,41507.96035
612.551452,463,41514.22649
99.447169,180,41517.103508
515.129815,467,41523.733239
111.625818,202,41526.995325
43.842827,150,41530.707023
987.2029,944,41541.686012
575.762064,403,41546.543732
390.864368,354,41551.726178
66.967626,121,41553.577788
153.821745,182,41556.294277
675.292608,682,41565.298908
217.023735,201,41568.110358
317.611863,243,41571.746197
321.252874,455,41577.814873
71.625471,329,41582.115675
228.013751,287,41587.332788
347.396295,238,41590.853863
2429.675871,674,41598.919485
465.360958,348,41603.455837
318.93685,269,41607.09694
210.581853,275,41611.339549
2930.247725,976,41622.727309
665.713042,454,41629.029612
429.320885,297,41632.781877
94.381322,570,41641.11849
109.709767,251,41644.48749
308.32725,260,41648.051913
42.203706,99,41649.884353
231.501762,441,41655.577802
188.761072,345,41659.905514
303.641177,338,41664.884564
74.011724,154,41667.594014
375.657983,353,41672.624948
667.280701,547,41679.453115
2928.273187,1001,41691.987119
29.909462,109,41695.179293
360.036221,297,41699.259534
120.848838,506,41705.753427
279.593614,314,41710.039406
228.08468,274,41713.682614
68.937771,226,41716.948057
258.291963,210,41719.880782
229.940055,179,41722.420691
587.536511,744,41731.247373
115.59859,175,41733.818411
996.897469,762,41743.178925
62.699225,144,41745.23745
114.593246,223,41748.254412
466.649983,342,41754.351229
37.807882,107,41756.118563
234.920782,320,41760.031157
644.590194,1001,41773.694886
36.452881,188,41776.570275
1462.114226,676,41784.539277
121.362225,205,41787.318248
262.418885,301,41791.836277
470.462746,482,41797.985218
250.570604,397,41803.06586
101.5034,141,41806.667141
288.702321,216,41809.596814
1345.227412,607,41817.659713
460.765683,336,41821.870276
1651.486078,740,41830.452842
615.482052,539,41837.16963
113.602873,172,41839.717347
350.547094,495,41846.286431
35.954138,156,41848.671531
579.907326,394,41853.892351
76.151559,165,41856.561267
1052.182283,583,41865.841117
523.719062,984,41877.56006
207.787041,969,41888.061679
153.225261,215,41891.179401
155.473347,189,41893.883808
361.214037,277,41897.926411
235.727102,252,41901.676053
204.599709,169,41904.399225
245.977197,259,41908.147806
619.569732,359,41913.065281
55.181624,202,41918.073451
1857.080468,1001,41930.862838
2255.542309,715,41939.559182
177.508446,548,41946.983359
188.124889,236,41950.699795
41.681496,148,41952.994935
554.208974,402,41958.041966
255.468023,305,41962.611789
200.5937,359,41967.340443
230.675546,450,41974.35978
194.342415,285,41978.036458
549.992329,598,41985.582679
28.034316,117,41987.377595
355.615915,364,41991.929942
157.416041,197,41994.866064
56.166321,206,41997.68308
159.841001,258,42000.718629
33.613931,299,42004.050335
332.661764,388,42009.225827
122.398631,162,42011.846922
488.743375,391,42016.263107
1344.516627,501,42022.425097
240.399148,336,42028.553711
70.33863,205,42031.247298
47.498256,165,42033.721041
95.725478,168,42036.34975
282.118752,253,42040.243792
84.152157,143,42042.428917
264.781486,264,42045.551482
362.492169,374,42050.477223
37.065682,144,42052.813561
65.482005,188,42055.533182
124.417792,241,42058.742008
92.892105,149,42060.942026
225.85345,197,42063.648972
731.227442,487,42069.899491
180.570975,246,42073.298135
128.073941,404,42078.173518
79.346938,179,42080.849169
171.372204,222,42085.9135
214.374522,226,42089.179076
23.816127,582,42096.071481
1475.049675,823,42105.391876
52.195329,113,42106.990806
49.347001,607,42113.390199
262.958841,763,42121.027235
573.363657,421,42125.614434
170.373428,207,42128.281873
45.826895,160,42130.647564
149.247871,208,42135.389527
103.07237,158,42137.887111
391.849628,1001,42149.223306
47.971567,168,42151.784363
286.186062,280,42155.252767
144.957969,177,42157.701277
77.4323,129,42159.735542
182.439904,420,42164.525423
393.963114,322,42168.516756
301.904586,239,42171.830194
750.085345,563,42179.276381
85.236775,150,42181.603603
672.809492,415,42188.340234
193.915752,305,42192.591863
1133.820147,469,42198.120512
827.649473,675,42206.053231
15.2077,159,42208.15456
1006.344975,654,42215.301634
242.619588,464,42220.227121
445.766939,416,42225.10267
15.685073,90,42226.684222
179.491629,189,42229.079093
53.198255,116,42230.906008
20.98634,416,42235.856851
222.310218,279,42240.740123
443.903,321,42244.527315
543.808912,445,42249.55429
464.174541,354,42253.518764
288.25321,394,42258.141607
634.229454,442,42262.974515
4062.729258,885,42272.171115
101.919959,302,42275.88846
287.329984,250,42278.825029
123.134907,209,42281.593204
229.504867,252,42284.346574
43.367589,116,42287.45059
736.605476,768,42295.755255
614.620586,392,42300.556669
179.239512,409,42305.310052
56.26604,141,42307.383299
570.803212,561,42314.053002
106.246208,152,42316.099848
124.773181,227,42318.908918
266.21703,314,42322.654622
115.24143,165,42324.76788
30.593803,130,42326.629756
1302.713187,876,42337.260704
714.429904,427,42341.8252
215.540506,264,42345.125016
1098.5197,622,42351.926055
706.092359,735,42359.756046
325.725023,282,42363.089671
354.117915,461,42368.237593
104.251649,178,42370.613486
114.558476,190,42373.029202
172.448608,210,42375.559155
910.861366,927,42386.347651
142.307881,178,42388.59758
224.469193,205,42391.210997
541.911507,404,42395.652494
2477.437761,1001,42406.218641
702.611034,620,42412.732134
3625.89011,943,42422.309453
1562.607123,850,42432.657743
46.910086,272,42435.841261
71.924819,139,42437.698715
152.922852,368,42441.790057
234.545616,424,42446.072257
723.490032,455,42450.908546
41.304086,118,42452.613308
137.219022,184,42454.960679
106.750645,185,42457.368207
570.22432,403,42461.823066
199.19008,344,42465.763992
137.889835,181,42468.069799
1888.637443,779,42477.642519
69.669035,144,42479.720988
40.910727,110,42481.425932
141.738246,220,42484.028888
73.321017,377,42488.414095
132.530147,719,42496.034114
181.239081,305,42499.848443
488.983214,502,42505.247396
227.952956,222,42508.328793
174.755434,150,42510.359542
1202.426539,563,42516.771987
149.013958,287,42520.245139
89.296948,158,42522.303388
568.644995,594,42530.177058
194.494381,252,42533.414491
214.178802,194,42535.813679
356.131686,268,42539.292694
82.434341,153,42541.35542
313.915734,440,42546.415085
441.669538,346,42550.297311
294.090568,282,42553.720929
266.304102,325,42557.649201
267.636497,1001,42568.515419
225.695526,193,42570.904094
521.510688,869,42581.4663
274.736641,470,42586.846901
1515.065917,1001,42597.585015
290.366004,226,42600.227208
403.640216,288,42603.853127
428.431125,795,42612.120444
172.242225,233,42615.04691
442.522891,285,42618.309506
1130.571592,572,42626.1115
2966.346114,968,42636.322592
156.829696,1001,42646.775922
3053.596091,937,42656.783256
1790.286225,833,42667.168857
1271.388082,587,42673.522376
347.041729,294,42676.902771
297.496179,352,42681.24864
385.514139,342,42685.151686
178.609967,201,42687.79627
1443.190371,599,42694.438823
1222.4303,686,42701.884461
3461.179889,1001,42714.024631
1902.391744,1001,42724.862487
478.262834,551,42730.898299
111.271971,152,42733.051168
252.832008,212,42735.865601
455.349222,298,42739.37386
331.735724,482,42744.554963
34.188486,110,42746.332996
906.401192,729,42754.588054
452.402464,551,42762.143252
120.533707,163,42764.370224
682.545298,454,42769.346982
326.996053,687,42776.643016
106.412763,164,42778.812407
62.403648,154,42780.863173
217.443618,448,42785.823966
713.242817,537,42792.054554
377.117061,274,42795.448352
252.157815,286,42799.006531
136.318934,344,42803.171127
573.184992,426,42808.060778
248.087012,193,42811.913429
1125.555491,535,42818.064234
780.583847,556,42823.958333
342.659257,279,42827.445794
31.918848,214,42830.047136
156.503733,157,42832.003258
275.403046,216,42834.860626
3363.162693,1001,42845.541149
1306.06581,834,42853.927946
2232.52304,767,42861.301799
209.218099,207,42863.463396
205.947854,199,42865.323254
147.991918,183,42867.067353
148.085784,152,42868.591452
200.854133,187,42870.339621
1007.456198,471,42874.173598
278.660495,376,42877.295017
40.882708,119,42878.562637
131.165258,290,42881.040816
363.794229,697,42886.466725
2651.458566,824,42893.657032
761.875868,836,42900.212186
130.499516,182,42901.871168
158.298797,165,42903.47755
138.412463,141,42904.916572
53.664408,429,42908.48103
482.303217,343,42911.382406
888.535995,423,42914.914043
196.469698,187,42916.700526
738.979829,440,42920.234759
276.382011,218,42922.231638
196.814934,194,42924.013995
1824.723242,836,42931.601937
118.962108,158,42933.114545
1682.642547,642,42938.270065
171.347189,236,42940.372232
630.326111,498,42944.392301
659.649218,373,42947.524545
148.227225,152,42949.035159
588.881573,339,42951.952684
626.626196,363,42955.068142
355.334132,408,42958.48384
737.135538,578,42964.143009
109.755601,177,42965.883271
111.394476,333,42968.780022
742.995423,526,42973.050038
233.585745,278,42975.420763
427.940744,305,42978.004567
427.837404,854,42984.568801
198.580553,259,42986.803872
121.716354,198,42988.596874
1188.990562,420,42992.049079
168.013683,183,42993.804642
198.297332,189,42995.63128
405.482577,272,42998.036901
463.606886,365,43002.145514
636.084555,657,43007.351856
3197.655432,1001,43014.976796
202.998902,336,43017.730007
125.047711,229,43019.885553
1383.941587,626,43024.992142
730.616207,366,43028.055163
441.465433,372,43031.223647
163.723959,166,43032.866304
86.941726,138,43035.224855
379.513889,293,43037.813266
290.760254,280,43040.300417
339.634783,447,43043.907817
101.677263,376,43047.070309
362.609936,276,43049.444736
1206.536205,459,43053.325507
1167.368033,542,43057.775653
907.086108,399,43061.152971
146.111335,207,43063.024522
1014.569319,1001,43071.683267
312.700344,250,43073.920274
2030.407932,965,43081.329054
1122.603682,617,43086.151047
1762.055256,813,43092.567601
183.192437,233,43094.611487
108.610868,150,43096.155434
1012.629251,1001,43105.007629
64.733251,149,43106.485394
119.181468,228,43108.630789
218.769311,310,43111.272393
172.793949,179,43115.252916
242.170686,272,43121.477668
568.84389,429,43130.952276
675.692256,393,43139.787638
372.413923,237,43145.270604
992.806835,626,43158.041381
681.903658,383,43166.130286
1583.716266,651,43183.279076
176.088481,182,43189.385522
744.684414,486,43202.865009
239.997878,258,43213.268405
75.975263,151,43219.412206
749.385903,610,43232.939163
388.644328,793,43262.459073
135.310615,146,43267.994847
2453.052791,851,43299.990802
1192.8307,656,43322.674653
512.386129,296,43331.87919
182.399079,216,43338.97033
758.771003,584,43353.795811
173.643813,259,43359.734846
164.313524,148,43363.585024
17.474696,87,43366.178497
239.786903,270,43372.311751
202.374843,456,43381.599908
74.351346,1001,43401.219711
118.714656,495,43411.19975
383.529114,260,43419.568758
801.255818,789,43435.313983
1382.095683,846,43452.049518
385.979199,220,43457.096002
2011.245696,800,43472.956856
242.185425,191,43477.620826
1907.066945,624,43490.097189
779.738659,448,43499.442854
417.160081,716,43516.447389
932.744927,425,43525.442717
161.361629,184,43529.752038
34.938413,115,43532.854572
1005.458256,656,43546.138398
182.839596,311,43552.898168
13.480231,265,43558.872994
197.060163,323,43565.922375
449.516423,543,43577.349596
558.526835,452,43582.988108
377.563471,416,43587.362748
56.866799,548,43591.582665
131.810024,275,43593.938235
491.000034,553,43598.796875
145.912815,225,43600.909595
346.868094,737,43606.455912
190.150553,177,43608.106544
1560.18105,640,43612.963868
540.478973,511,43616.790041
926.81884,542,43621.922124
136.655058,153,43623.402551
239.750326,498,43627.351891
10.489172,87,43628.357612
34.936256,210,43630.324979
195.42239,219,43632.416278
106.534342,551,43636.8545
73.514643,201,43638.911172
391.593128,363,43643.9608
123.510759,261,43649.968
744.086304,676,43663.734896
28.1668,198,43668.503283
392.889887,318,43675.356269
279.805111,296,43684.40776
424.751851,476,43694.370912
529.979453,381,43702.398394
62.309808,373,43710.44893
139.053105,177,43714.671661
88.195711,143,43719.183114
120.094008,144,43724.627223
58.468207,125,43728.948648
128.338702,242,43734.485358
173.874096,160,43739.307054
225.52939,293,43749.729208
65.258423,151,43754.616354
2074.656292,1001,43769.961071
1137.94939,508,43774.900739
51.829319,815,43781.619287
901.235279,935,43788.496551
2224.121694,1001,43795.862513
69.008169,112,43796.995612
649.812495,537,43801.06449
466.562281,420,43805.370313
2450.032693,1001,43812.650743
1696.244389,816,43818.657614
118.977873,150,43820.058745
52.895584,141,43821.478883
108.907236,204,43823.386698
54.341725,615,43828.510692
67.679964,116,43829.866079
11.530985,246,43832.261307
638.977143,998,43841.484995
1079.604058,702,43846.913935
417.063524,560,43851.825654
7.847035,223,43854.006417
139.527275,299,43856.713016
95.538929,135,43858.133911
860.427367,611,43862.956381
230.045595,312,43865.706315
175.743835,213,43867.696358
650.927197,1001,43876.455562
278.656923,406,43879.897138
226.597796,247,43881.997863
152.862213,224,43884.060373
338.457465,249,43887.047374
407.057353,358,43891.352245
