#{"t_start": 1669119903.5437973, "env_id": null}
r,l,t
0,305,3.111256
0,724,8.664139
0.006161,139,10.055625
0.845523,338,12.873867
0.001092,67,13.721759
0,54,14.48132
0.406457,602,19.006279
0.001966,50,19.765942
0.606802,1001,27.433795
0,456,30.930934
1.126495,442,35.497282
1.448915,253,37.677917
0.937707,1001,44.94708
0,52,45.733413
0.455432,155,47.303832
0.002892,731,53.035483
0.170804,1001,60.409726
8.067731,1001,68.861387
0.002061,570,73.474245
2.061784,1001,81.010869
0.010077,1001,89.570893
0.018802,242,91.790019
0.766351,973,100.793511
0.908741,488,106.436342
0.000605,591,110.922533
0,1001,118.753814
0.005562,59,119.766489
0,44,120.567012
0.003729,50,121.368449
0.005101,772,136.100069
0.001445,51,137.737501
1.526518,402,146.82238
0.352886,1001,170.30202
0.751133,567,176.947839
0,388,180.255347
0.375073,1001,188.57397
0.003034,52,189.37789
2.38761,566,193.953181
0.000648,129,195.268347
0.00784,412,198.38497
0.006067,57,199.161032
0.009354,73,200.06027
0,55,200.858952
2.000242,1001,209.750146
0.080914,109,210.969706
0.010009,58,211.820256
0,1001,219.07914
0,59,219.897872
0.003936,1001,227.248349
0.009457,73,228.140615
0,57,228.895859
0.008934,47,229.579062
5.265947,1001,236.893046
0,59,237.727759
0,245,240.784091
0.005419,58,241.596083
0.005074,50,242.342917
4.337242,1001,249.635581
0.001531,348,252.484156
0.004077,1001,259.754108
0.010306,253,261.834175
0.400856,1001,269.257017
0.029877,297,271.780185
0.004077,207,274.564102
7.101344,1001,282.057925
0,940,289.347885
0.039919,140,290.726455
0.01034,139,292.082039
0.687818,1001,299.201337
0.012792,66,300.012404
1.160865,1001,308.307994
0.376918,1001,315.656292
0.386176,468,319.240683
0.238593,714,324.630271
2.240966,1001,331.681663
0,1001,339.607931
0,772,345.385783
0,57,346.152918
0,454,349.580717
0.121372,1001,356.611548
8.547107,1001,363.60435
2.950933,650,369.462547
0,94,370.45679
0.6134,1001,377.742309
0.137103,152,379.235484
0.008314,59,380.051823
0,134,381.390188
0,689,386.783674
0.046027,121,388.076642
4.5622,1001,395.862722
3.223277,1001,404.659043
2.245972,655,409.789056
1.329438,494,413.826603
0.307313,169,415.487309
0.01217,71,416.552417
0.090281,274,418.941999
1.838345,524,423.143748
0.350079,368,426.341054
0.008257,58,427.175328
2.082148,1001,435.270417
0,86,437.607621
2.906141,1001,445.510122
2.009896,828,451.999125
2.305925,340,454.865874
3.112216,1001,462.612303
2.183449,1001,471.417804
1.368278,964,479.38701
8.208116,1001,491.977228
1.776612,710,498.559013
7.975399,1001,507.171527
0.151915,433,512.692065
3.865538,1001,522.277466
0.007597,67,523.456187
0.795823,1001,533.063226
2.886321,446,537.584576
6.61232,1001,547.454668
3.812655,1001,557.261379
0,55,558.144099
6.327415,1001,566.615488
1.747537,1001,574.882287
0.53973,443,578.702866
12.649892,1001,586.517129
8.517307,1001,595.149796
5.502715,1001,602.922382
3.415131,1001,610.747512
3.81265,885,617.911658
0.00038,1001,627.063033
5.161571,1001,635.798522
0.031861,1001,644.483703
1.210558,481,649.96558
0.009181,54,650.733089
0.204274,128,651.97035
0.008147,80,652.88483
0.129124,231,654.779663
0.007016,43,655.41679
1.959915,1001,663.295568
3.924185,1001,670.893967
11.448176,1001,678.711477
0,1001,686.436481
0.088728,922,695.252471
2.043462,1001,702.294708
0.008874,137,703.599607
3.162752,1001,711.000715
1.5019,1001,718.472694
2.949716,1001,726.446595
2.064592,1001,734.158799
5.815545,1001,742.639959
7.107742,1001,750.315028
5.677366,661,756.543239
2.648247,1001,764.264875
1.169466,657,769.168631
1.405316,539,773.34829
5.925054,1001,780.91176
0.970626,1001,789.878751
1.859908,1001,797.222929
7.618228,1001,804.625818
3.131455,1001,811.950562
0.516264,848,818.178349
4.6414,1001,826.317204
0.003627,61,827.137341
13.585544,1001,834.274803
2.131339,1001,841.441109
10.802113,1001,848.510536
18.571714,1001,856.536132
0.451763,347,859.23526
1.251583,1001,866.471396
2.020922,1001,873.655773
1.898133,1001,881.712952
12.599154,1001,888.79159
5.753562,1001,895.85305
2.536214,1001,903.10665
3.270126,1001,911.14312
0.832423,690,916.147041
2.49688,1001,923.382289
0.004208,1001,930.572782
0.094748,339,933.263105
2.086475,1001,941.237564
3.543523,1001,948.295077
0.568929,1001,955.3471
8.497984,1001,962.412798
6.27121,407,965.502964
1.716001,1001,973.417115
7.739401,1001,980.440326
2.597307,1001,987.742048
5.521586,1001,994.855165
2.537693,427,997.97977
2.541094,1001,1006.054308
4.082893,379,1008.993033
9.93034,1001,1016.739453
3.810762,1001,1024.491715
3.525721,401,1027.853628
4.665558,1001,1035.990082
5.913782,1001,1043.156946
4.84022,323,1045.741239
6.028535,1001,1053.011533
0.868964,263,1055.108678
2.688146,466,1058.558917
1.336209,1001,1066.629941
0,67,1067.465441
2.322031,1001,1074.743314
7.858405,1001,1081.987915
3.339541,1001,1089.531515
3.116528,1001,1098.275315
6.299314,1001,1105.668998
19.959511,1001,1113.039384
1.685552,680,1118.244809
3.882521,1001,1125.959255
11.401512,1001,1134.476321
16.972004,1001,1142.12488
5.924501,1001,1149.994141
2.122806,1001,1158.427024
13.3882,1001,1167.095843
14.648109,1001,1174.338947
0,80,1175.240497
19.925735,1001,1182.37432
5.862441,1001,1189.709363
7.831908,1001,1198.204921
5.600274,1001,1205.794965
14.874525,1001,1213.460208
8.862247,1001,1220.808299
5.165331,1001,1229.472984
13.243667,1001,1236.838769
8.061861,1001,1244.724602
13.90031,1001,1252.26258
7.549242,1001,1260.829414
6.094074,1001,1268.362952
8.075227,1001,1275.801859
17.590869,1001,1283.166577
7.057618,1001,1291.448983
10.262008,1001,1298.936901
18.549774,1001,1306.379038
19.26884,1001,1313.697301
20.106736,1001,1321.68236
15.761231,1001,1329.399276
16.460027,1001,1336.820265
8.23781,1001,1344.156595
19.253536,1001,1352.264385
16.041547,1001,1359.592977
15.332628,1001,1366.75977
15.178783,1001,1373.869267
18.325003,1001,1382.0034
16.258822,1001,1389.350068
15.449973,1001,1396.567636
1.561701,220,1398.544505
15.301329,1001,1405.70773
19.776351,1001,1414.713409
11.886495,1001,1424.838879
17.944016,1001,1436.842696
12.304566,1001,1445.200849
26.218593,1001,1454.3801
21.04138,1001,1462.768098
14.074332,1001,1470.641683
23.074686,1001,1478.694542
15.650561,1001,1490.274848
22.199594,1001,1499.685353
20.128281,1001,1508.335763
21.047582,1001,1516.141015
0.009631,232,1518.327904
18.386074,1001,1527.389182
0.006614,114,1528.617298
24.759253,1001,1536.38597
2.912694,250,1538.523199
18.193308,1001,1546.248857
24.626335,1001,1553.95525
17.807022,1001,1563.123132
19.584392,1001,1572.606601
21.220703,1001,1581.584551
18.284366,1001,1590.563534
14.008082,1001,1601.509695
18.425445,1001,1611.935015
17.709188,1001,1621.496922
21.985256,1001,1629.85576
24.514533,1001,1640.382282
22.725771,1001,1649.881762
26.522456,1001,1661.621852
20.441905,1001,1672.439786
12.479475,1001,1684.264219
18.372545,1001,1694.145935
18.360196,1001,1702.591457
22.46503,1001,1711.602269
21.286061,1001,1721.988241
26.874832,1001,1731.964723
20.868538,1001,1740.71761
21.05255,1001,1749.245394
19.81263,1001,1759.784873
21.027297,1001,1768.885494
19.766476,1001,1779.163982
20.555011,1001,1788.430832
21.147763,1001,1797.911516
18.051928,850,1805.371783
19.33553,1001,1813.802997
18.258699,1001,1822.088275
22.599541,1001,1830.469849
19.455514,1001,1839.471915
23.036147,1001,1846.590774
17.726383,1001,1853.68896
22.471137,1001,1861.070654
23.649225,1001,1869.167161
22.3511,1001,1876.203624
22.943037,1001,1883.236356
23.035216,1001,1890.76655
21.840002,1001,1898.855283
26.014377,1001,1906.382518
24.232587,1001,1913.532698
28.375825,1001,1921.519459
20.895814,963,1929.487283
20.200432,1001,1936.64191
21.655086,1001,1943.746786
25.257079,1001,1950.782771
18.637998,1001,1959.067601
25.195007,1001,1966.501994
23.720589,1001,1974.489408
21.016275,1001,1982.331115
22.976982,1001,1991.374351
22.665911,1001,1998.82006
21.164148,1001,2005.962827
24.200571,1001,2014.05296
22.272574,1001,2022.19975
23.310448,1001,2029.402057
23.314283,1001,2036.538066
27.327707,1001,2043.780822
20.691275,1001,2052.077181
24.583444,1001,2059.164238
27.061374,1001,2066.333099
25.645815,1001,2073.39791
20.774273,1001,2081.608532
25.909991,1001,2089.156879
25.264191,1001,2096.809133
25.760542,1001,2104.551484
25.195717,1001,2112.681589
22.005375,1001,2120.883003
0.192504,101,2121.977479
25.447489,1001,2129.134389
27.011466,1001,2136.302125
22.432494,1001,2143.462731
27.449982,1001,2151.610179
22.854304,1001,2158.848828
23.859264,1001,2166.066134
26.176616,1001,2173.384198
23.842219,1001,2181.63973
26.895963,1001,2188.938459
24.3943,1001,2196.066042
24.984229,1001,2203.185969
23.513637,1001,2211.435829
8.03612,469,2214.947519
26.05293,1001,2222.510344
24.084657,1001,2229.978682
27.336458,1001,2239.00667
24.607936,1001,2246.601079
25.998261,1001,2254.05925
28.617274,1001,2262.136075
28.315952,1001,2270.425594
26.103761,1001,2278.022132
30.849261,1001,2285.305273
25.365116,1001,2292.746683
24.497492,1001,2299.906232
23.475604,1001,2308.050678
28.24485,1001,2315.270581
27.011131,1001,2322.523873
23.991874,1001,2329.664857
25.904569,1001,2337.971387
20.466685,1001,2345.09496
26.498484,1001,2352.515389
26.460229,1001,2359.683343
27.002463,1001,2368.148317
27.049822,1001,2375.729877
24.965372,1001,2383.179154
28.322072,1001,2390.538616
23.32662,1001,2399.224
28.811799,1001,2406.857168
23.859637,1001,2414.607449
28.715867,1001,2422.42261
20.321559,1001,2431.168639
21.967883,1001,2438.837985
29.153136,1001,2446.126841
23.807238,1001,2453.550866
29.209881,1001,2462.04889
28.895473,1001,2470.42033
27.688567,1001,2477.778831
29.356354,1001,2485.503151
26.053877,1001,2498.054626
26.589624,1001,2510.006642
26.145382,1001,2522.705712
25.385005,1001,2534.789271
27.76658,1001,2548.120066
27.95303,1001,2560.13975
1.01585,275,2564.193924
28.712663,1001,2576.026083
25.995112,1001,2587.099009
28.710672,1001,2598.714667
28.799869,1001,2605.970195
30.019397,1001,2613.907969
26.87044,1001,2628.599903
30.71403,1001,2640.558645
27.309521,1001,2649.890754
30.48423,1001,2659.017512
24.269596,1001,2667.712042
29.150497,1001,2677.257112
25.332178,1001,2685.711166
28.533011,1001,2694.11566
24.757072,1001,2702.671564
26.581006,1001,2712.413337
29.03831,1001,2720.878599
28.735291,1001,2729.410636
27.287005,1001,2737.959981
27.758896,1001,2747.371334
26.357497,1001,2755.77155
24.976406,1001,2764.178537
26.750233,1001,2774.748127
29.254888,1001,2782.965615
29.597407,1001,2790.137858
31.89658,1001,2797.160644
30.07559,1001,2804.53763
27.3497,1001,2811.660532
26.771282,1001,2819.964919
28.805243,1001,2827.492263
29.623656,1001,2834.602374
28.175646,1001,2841.690869
30.274025,1001,2850.119242
29.830988,1001,2859.337091
14.96397,591,2865.676347
27.305592,1001,2873.850763
28.276902,1001,2882.018689
30.095496,1001,2889.44513
28.893622,1001,2896.5965
30.475316,1001,2903.65937
30.364957,1001,2911.953943
30.385852,1001,2919.071869
29.391084,1001,2926.292233
27.586429,1001,2933.446065
27.644055,1001,2941.941967
29.731182,1001,2949.490035
29.158888,1001,2956.979809
29.578204,1001,2964.397225
30.193566,1001,2973.136458
29.359613,1001,2980.822013
28.662378,1001,2988.323271
28.460192,1001,2996.46437
30.86691,1001,3005.429377
28.05009,1001,3014.525623
29.467795,1001,3022.734617
28.845066,1001,3030.646202
28.641238,1001,3038.411868
29.408922,1001,3047.060678
29.365075,1001,3054.742557
29.908727,1001,3062.512215
29.435739,1001,3070.099316
25.691955,1001,3079.178935
27.034977,1001,3087.576619
29.932477,1001,3095.610504
30.36945,1001,3103.48709
28.995344,1001,3112.498123
29.038385,1001,3120.397217
24.601744,1001,3128.086434
29.667824,1001,3135.735888
28.250613,1001,3144.550748
2.334444,477,3148.350405
28.124747,1001,3156.061885
29.511734,1001,3163.702323
28.284091,1001,3172.192174
28.49622,1001,3179.919466
27.871649,1001,3187.573714
29.998469,1001,3195.213369
29.646199,1001,3202.964108
28.338518,1001,3211.796477
30.721504,1001,3219.499685
27.582599,1001,3227.169923
29.386103,1001,3234.676039
30.599745,1001,3243.413174
30.00299,1001,3252.702975
30.610556,1001,3260.440685
28.345583,1001,3268.142125
31.224803,1001,3277.088226
30.818189,1001,3284.850825
26.977469,1001,3292.539649
30.878287,1001,3300.531126
31.753499,1001,3315.342882
27.152496,1001,3324.860857
31.518439,1001,3335.219648
30.765638,1001,3347.09884
0.113273,218,3350.106505
28.047384,1001,3362.496158
29.395654,1001,3374.04853
31.290664,1001,3382.628489
31.142649,1001,3391.749715
0.004338,93,3393.023031
31.275855,1001,3402.042924
30.223641,1001,3411.14364
30.234699,1001,3419.794182
0.715763,288,3422.511864
26.151837,1001,3431.054637
30.873793,1001,3439.536393
29.648957,1001,3446.990463
31.853582,1001,3454.418401
22.605523,1001,3462.186764
28.910602,1001,3470.658752
29.831587,1001,3478.226418
31.043688,1001,3485.907559
28.41906,1001,3494.216483
29.717563,1001,3503.750002
29.858478,1001,3512.865401
27.093221,1001,3522.192032
29.721504,1001,3534.738883
31.79763,1001,3545.619131
28.246073,1001,3554.62585
30.411942,1001,3563.826799
31.247409,1001,3575.937567
30.988077,1001,3584.87087
32.026967,1001,3592.444889
30.280645,1001,3600.284724
29.568865,1001,3608.185236
31.696195,1001,3617.17546
29.226105,1001,3626.694586
29.492499,1001,3635.470793
32.17613,1001,3643.628277
29.98701,1001,3652.668578
30.701125,1001,3660.565448
27.577858,1001,3668.816754
31.616967,1001,3677.404946
21.390059,875,3685.594587
0.096211,173,3687.427794
30.596926,1001,3694.972873
30.865588,1001,3702.81154
30.721259,1001,3710.582093
30.878173,1001,3720.857759
31.833465,1001,3728.752227
31.12966,1001,3735.923095
30.566439,1001,3743.334344
30.265736,1001,3751.97875
31.516882,1001,3760.092476
31.21922,1001,3768.727041
31.34814,1001,3776.740261
22.907882,1001,3786.591709
29.625161,1001,3794.875508
31.034488,1001,3803.477176
30.962535,1001,3811.163646
28.390133,1001,3819.412723
30.682117,1001,3826.690174
32.504885,1001,3833.971282
31.679559,1001,3841.297693
31.698714,1001,3848.827737
30.823264,1001,3857.312378
31.819874,1001,3864.743717
28.277641,1001,3872.468488
29.658286,1001,3880.438754
30.622689,1001,3889.545384
31.939944,1001,3897.747312
32.629945,1001,3906.239631
31.544621,1001,3914.239119
30.67662,1001,3923.400933
31.547903,1001,3931.578849
29.231851,1001,3939.206434
28.387029,1001,3946.992199
32.283563,1001,3955.962145
31.227815,1001,3963.811572
26.355104,1001,3971.888168
9.008714,495,3976.195594
33.202668,1001,3985.505921
31.055078,1001,3992.917763
28.128977,1001,4000.16546
30.583655,1001,4007.255198
29.460165,1001,4014.448256
29.929186,1001,4023.681035
32.418365,1001,4032.398522
0,67,4033.340897
33.155206,1001,4040.795811
31.872596,1001,4049.583566
28.739146,1001,4058.638711
32.36501,1001,4066.252491
32.407663,1001,4073.913009
31.51095,1001,4082.223218
33.23764,1001,4092.782805
32.774411,1001,4100.525196
29.705313,1001,4107.801476
32.430353,1001,4115.122406
32.00861,1001,4123.347783
32.270168,1001,4130.815215
0.000959,70,4131.744921
32.09939,1001,4139.130439
32.170867,1001,4147.363853
33.451414,1001,4157.448619
31.527857,1001,4164.781471
30.376509,1001,4172.045538
31.86686,1001,4179.241608
31.864118,1001,4188.57241
31.568043,1001,4198.834396
31.835796,1001,4211.099655
30.544148,1001,4223.753649
32.294756,1001,4237.748139
31.393341,1001,4249.42559
30.477397,1001,4263.850298
30.988207,1001,4277.685539
31.272813,1001,4291.170986
29.175012,1001,4303.70191
32.654673,1001,4315.369221
32.520049,1001,4328.01349
31.066582,1001,4342.489336
31.456809,1001,4354.792277
32.086205,1001,4366.17619
32.617606,1001,4377.693624
27.185479,1001,4392.001834
30.978225,1001,4401.966268
32.311604,1001,4409.901232
31.255849,1001,4417.259311
31.856298,1001,4425.345672
33.245221,1001,4432.909729
33.161673,1001,4440.496187
25.348652,1001,4447.933769
32.758029,1001,4455.989529
32.629181,1001,4463.316136
31.53103,1001,4470.522056
33.349016,1001,4477.742462
31.686654,1001,4484.909051
32.550971,1001,4493.042004
32.812924,1001,4500.205206
32.20211,1001,4507.411462
31.762634,1001,4514.559238
32.514485,1001,4522.854068
31.967526,1001,4530.050849
32.444854,1001,4537.134754
31.408723,1001,4544.247175
29.308326,1001,4552.274379
31.979333,1001,4559.45561
25.402606,1001,4566.709171
31.868628,1001,4575.312795
31.519683,1001,4584.283517
31.815663,1001,4593.352523
32.008594,1001,4604.191017
33.820653,1001,4615.105087
32.268351,1001,4627.702363
33.725113,1001,4638.117114
33.200364,1001,4648.901041
31.547284,1001,4659.67728
32.587504,1001,4669.128414
31.975906,1001,4676.809792
32.985364,1001,4684.414232
32.026914,1001,4692.740962
33.60886,1001,4701.347044
33.236913,1001,4708.950765
32.136194,1001,4716.549359
32.025105,1001,4724.147733
33.435241,1001,4732.439202
32.031516,1001,4739.665223
32.282212,1001,4754.925123
33.634586,1001,4766.965995
30.864638,1001,4777.815544
29.107051,1001,4788.337593
33.755695,1001,4799.424316
33.20023,1001,4810.240477
32.570283,1001,4822.89781
31.303544,1001,4832.641868
31.950839,1001,4841.976619
31.670024,1001,4851.437924
33.479311,1001,4861.075568
33.066027,1001,4871.893349
32.788931,1001,4883.491428
32.700153,1001,4894.426239
32.509118,1001,4902.876008
32.775783,1001,4911.827742
33.44523,1001,4921.380285
33.531283,1001,4932.04862
33.371121,1001,4943.120392
31.968358,1001,4954.023299
32.492594,1001,4962.925757
33.534753,1001,4971.74595
32.635367,1001,4981.441359
33.718545,1001,4992.048147
32.209348,1001,5001.007386
33.441386,1001,5010.433369
33.994058,1001,5019.237203
32.062781,1001,5030.646476
33.6525,1001,5040.429408
33.738066,1001,5051.442264
33.008819,1001,5059.963919
33.667819,1001,5068.207665
30.243613,1001,5075.221772
31.934346,1001,5082.182462
32.399285,1001,5089.28782
31.921584,1001,5097.328215
34.124853,1001,5104.320976
31.265301,1001,5111.406316
33.144255,1001,5118.428398
34.032288,1001,5126.826662
31.888261,1001,5134.048766
1.60666,233,5135.946462
31.436211,1001,5148.200724
33.272787,1001,5158.134848
32.781947,1001,5167.074649
31.289714,1001,5175.777719
34.323299,1001,5185.318077
33.261132,1001,5195.09275
33.548869,1001,5204.899445
32.561931,1001,5212.572819
35.03447,1001,5221.019907
33.412739,1001,5230.25801
31.10074,1001,5241.176464
32.016432,1001,5251.652754
33.163681,1001,5262.777464
28.153712,1001,5273.656018
33.371144,1001,5284.594943
32.115875,1001,5293.143214
30.536229,1001,5302.018788
32.0348,1001,5310.592644
33.905065,1001,5320.660688
32.522343,1001,5329.464108
33.871701,1001,5338.678488
34.299383,1001,5347.330024
32.741543,1001,5355.635362
35.118479,1001,5362.925857
33.12093,1001,5370.540819
34.366877,1001,5378.047034
34.060143,1001,5386.403445
33.031119,1001,5394.233377
35.388793,1001,5401.426961
31.300781,1001,5408.716694
33.839226,1001,5417.168012
34.44987,1001,5425.50852
33.644336,1001,5432.907311
32.795672,1001,5440.896274
1.180087,205,5442.702761
32.833105,1001,5451.506083
7.540248,341,5454.401162
34.083935,1001,5462.599133
35.514185,1001,5470.481327
32.376903,1001,5478.920522
33.567688,1001,5491.48165
31.468612,1001,5500.210178
34.452087,1001,5510.101897
33.764641,1001,5520.423107
34.217619,1001,5529.253473
29.637407,1001,5536.548219
32.744518,1001,5544.085677
33.841618,1001,5551.505452
33.72658,1001,5560.018823
34.815191,1001,5569.177176
33.804891,1001,5579.456429
33.341331,1001,5589.598568
35.386885,1001,5600.481523
35.334749,1001,5607.922293
35.280028,1001,5614.900209
33.945237,1001,5622.047444
33.457035,1001,5629.12903
35.375733,1001,5637.231777
30.358546,1001,5644.278343
33.993688,1001,5651.463451
32.83246,1001,5658.967509
33.101549,1001,5668.501621
32.744075,1001,5676.540507
0,119,5677.885246
35.110534,1001,5686.15343
34.467774,1001,5693.507007
34.129152,1001,5706.350032
33.316176,1001,5715.885064
33.221323,1001,5722.86523
32.165586,1001,5729.997026
28.274112,1001,5737.965632
33.302435,1001,5745.093474
34.480201,1001,5752.339672
33.693456,1001,5759.514541
32.669099,1001,5767.888852
35.270935,1001,5775.214044
29.038852,1001,5783.05308
34.118666,1001,5791.073378
34.299079,1001,5799.381755
34.022041,1001,5806.582207
31.494879,1001,5813.845382
34.925708,1001,5821.108347
33.57457,1001,5829.502129
0.810982,250,5831.640312
33.659562,1001,5838.99255
34.374043,1001,5846.225881
34.410417,1001,5853.47881
29.571378,1001,5861.566399
34.828382,1001,5868.74236
32.648635,1001,5875.955318
33.849705,1001,5883.216867
33.865467,1001,5891.481322
35.815186,1001,5898.824159
35.536852,1001,5906.841552
34.590245,1001,5914.183134
34.569132,1001,5922.455088
36.191582,1001,5929.538153
35.04746,1001,5936.8167
34.70251,1001,5944.010292
35.384133,1001,5952.313274
0.072649,196,5954.113381
33.90188,1001,5961.944299
35.114006,1001,5969.599589
35.466302,1001,5976.983415
35.293093,1001,5985.201396
34.087491,1001,5992.349353
35.52448,1001,5999.680933
35.221919,1001,6007.111945
34.016058,1001,6015.462998
35.144398,1001,6022.944908
35.11164,1001,6031.048547
33.683074,1001,6039.392103
34.631455,1001,6051.552514
34.935609,1001,6062.821556
33.816441,1001,6079.802191
35.189242,1001,6112.898252
35.389481,1001,6121.821462
32.5889,1001,6131.020477
34.734446,1001,6140.671899
33.023617,1001,6150.920313
33.433066,1001,6165.892671
32.324117,1001,6186.5718
34.510154,1001,6207.484989
34.592031,1001,6228.162468
34.691098,1001,6237.328472
35.424367,1001,6244.711353
35.174521,1001,6252.031025
34.737364,1001,6259.23166
36.250282,1001,6266.642229
34.064085,1001,6274.777935
33.005996,1001,6282.295413
0.505598,198,6284.062461
32.800091,1001,6291.617694
34.646922,1001,6300.013674
34.019386,1001,6307.537112
32.077628,1001,6318.522394
34.456488,1001,6328.3585
34.173586,1001,6336.487145
33.949891,1001,6345.770301
34.679524,1001,6354.104906
32.775198,1001,6362.83134
35.282678,1001,6373.200597
32.348661,1001,6384.050955
33.74474,1001,6392.101268
33.41463,1001,6400.257471
33.685524,1001,6408.301616
34.547964,1001,6417.803663
34.583552,1001,6425.948766
34.810878,1001,6434.819606
34.251214,1001,6443.082844
33.820517,1001,6452.407445
35.468998,1001,6460.5266
33.261726,1001,6468.609155
33.285015,1001,6477.122682
35.028092,1001,6488.907498
32.178829,1001,6499.49753
35.985808,1001,6507.795375
35.276198,1001,6519.663915
35.493437,1001,6543.610455
33.253773,1001,6564.81535
31.919031,1001,6586.008946
35.298706,1001,6606.277945
35.010162,1001,6629.553737
34.624537,1001,6650.441549
34.921853,1001,6671.606044
34.034618,1001,6692.456828
35.785543,1001,6716.216496
33.078626,1001,6737.324112
35.3646,1001,6758.191454
34.424149,1001,6779.01567
35.345995,1001,6802.537543
34.592147,1001,6823.475228
35.424722,1001,6833.162908
35.207279,1001,6840.811931
36.051029,1001,6859.577941
34.776877,1001,6880.751437
36.347451,1001,6901.83314
36.172213,1001,6922.392465
34.676895,1001,6946.369021
36.251803,1001,6965.685309
34.91509,1001,6986.676302
35.049256,1001,7007.901104
33.896623,1001,7017.481293
34.772242,1001,7027.870917
35.927967,1001,7036.417211
33.875202,1001,7044.821399
31.963776,1001,7052.880105
34.467102,1001,7061.896447
36.078744,1001,7069.791403
35.115152,1001,7077.734709
34.999183,1001,7085.385708
35.214342,1001,7093.85102
36.220008,1001,7101.434888
35.867621,1001,7108.958598
34.343611,1001,7116.521353
33.614499,1001,7125.378341
34.514503,1001,7133.678442
34.935236,1001,7142.969452
33.069446,1001,7153.57786
34.912295,1001,7163.787466
35.51783,1001,7173.409966
35.965987,1001,7181.583759
36.152387,1001,7190.022278
34.378082,1001,7199.234684
34.537596,1001,7207.582366
35.139255,1001,7215.707538
29.806701,1001,7223.768495
35.317391,1001,7233.769509
35.262271,1001,7242.699071
33.867565,1001,7252.734892
34.913667,1001,7262.440385
34.849363,1001,7272.305102
35.671647,1001,7281.498593
35.057872,1001,7290.792315
35.675356,1001,7300.982675
36.011823,1001,7312.591922
34.924468,1001,7322.780333
34.093368,1001,7332.600073
35.330617,1001,7341.110831
34.45642,1001,7350.196286
35.168465,1001,7359.963278
35.828122,1001,7369.398237
34.195017,1001,7378.687815
31.854317,1001,7388.366349
36.157961,1001,7397.403946
33.451404,1001,7405.728949
34.508922,1001,7415.627906
34.590533,1001,7425.601711
35.746773,1001,7436.980561
35.448059,1001,7446.549108
35.987238,1001,7456.238542
36.078456,1001,7467.034268
33.83916,1001,7478.886899
34.934823,1001,7487.771642
35.172825,1001,7496.366403
36.267695,1001,7504.910738
35.724345,1001,7514.735023
35.958188,1001,7523.951869
36.578832,1001,7533.288051
34.229093,1001,7543.133031
35.556988,1001,7554.034391
35.385066,1001,7562.711705
36.014061,1001,7570.953959
36.394558,1001,7579.878276
36.40726,1001,7590.617457
35.186399,1001,7599.95888
21.992973,753,7606.164161
36.240971,1001,7614.404602
35.796002,1001,7624.439912
36.3571,1001,7632.711639
35.435653,1001,7641.21509
36.378591,1001,7649.591435
35.598887,1001,7659.207229
35.437804,1001,7667.829213
36.24902,1001,7677.761544
33.757172,1001,7686.840495
36.449331,1001,7697.906701
21.134005,662,7704.744745
0.740655,133,7706.502682
34.819368,1001,7716.11797
35.117406,1001,7725.630662
34.404399,1001,7734.937197
34.550175,1001,7745.929421
35.20697,1001,7755.3121
35.740205,1001,7764.480774
35.462287,1001,7772.854752
36.422479,1001,7782.681513
35.916578,1001,7791.018798
37.199838,1001,7799.261505
32.772914,1001,7807.679245
9.119574,451,7812.010194
34.642345,1001,7821.71531
29.724163,1001,7831.642805
32.976308,1001,7841.424553
36.567226,1001,7850.998598
35.781505,1001,7862.301371
36.032535,1001,7872.974695
36.343232,1001,7882.806037
36.16117,1001,7892.423103
35.347857,1001,7902.761006
35.264055,1001,7911.019163
35.403644,1001,7919.254313
35.558798,1001,7927.974197
35.331415,1001,7938.348676
36.908626,1001,7948.151008
37.459352,1001,7957.04185
35.696977,1001,7965.991388
0.203731,182,7967.981708
36.350654,1001,7978.219051
34.658762,1001,7987.212536
35.125656,1001,7995.764764
33.905691,1001,8004.292152
35.614532,1001,8014.245451
36.560366,1001,8023.407199
34.421662,1001,8032.592818
34.011651,1001,8041.543505
36.504421,1001,8051.629275
34.335668,1001,8060.573471
36.0096,1001,8070.05806
33.969574,1001,8079.516768
34.789676,1001,8089.813694
37.059863,1001,8098.358512
34.683843,1001,8107.64903
36.553445,1001,8116.540352
34.930118,1001,8127.659516
35.390716,1001,8136.145839
34.122071,1001,8145.308158
36.017643,1001,8155.531193
29.029796,1001,8165.535751
36.283496,1001,8173.829856
36.296756,1001,8182.251766
36.778537,1001,8191.388593
34.863507,1001,8201.09618
36.073276,1001,8209.559182
36.926222,1001,8217.908502
34.861503,1001,8226.743209
36.087142,1001,8236.851579
36.133623,1001,8245.070684
36.735531,1001,8253.580097
35.882482,1001,8261.950594
36.011029,1001,8271.563625
36.585578,1001,8280.234013
36.692967,1001,8288.720947
35.356253,1001,8297.163772
35.41014,1001,8305.490746
35.316384,1001,8315.287243
35.942723,1001,8323.730836
35.297794,1001,8332.275918
34.421883,1001,8341.199779
34.571242,1001,8351.4666
36.862713,1001,8360.030651
36.597437,1001,8368.84381
35.612301,1001,8378.057004
36.227758,1001,8388.367094
35.546732,1001,8397.799313
33.136767,1001,8406.205945
35.727699,1001,8414.857053
36.753401,1001,8426.779045
35.338816,1001,8435.300513
36.008126,1001,8444.913871
35.170718,1001,8454.812047
36.597711,1001,8465.05239
36.262147,1001,8474.295224
0.716633,151,8476.161664
34.347147,1001,8485.134762
36.711511,1001,8494.351361
35.773936,1001,8504.785346
36.412096,1001,8513.433771
35.186802,1001,8522.614693
35.464818,1001,8531.639164
36.785653,1001,8542.131109
36.334364,1001,8551.836251
35.918867,1001,8561.05829
34.893444,1001,8570.792212
27.620578,1001,8580.801865
37.708841,1001,8590.066974
36.145953,1001,8599.316423
37.506587,1001,8608.331455
36.75576,1001,8618.021433
36.596713,1001,8626.583922
36.272117,1001,8635.639547
34.880513,1001,8643.85299
36.596958,1001,8654.529704
36.410152,1001,8663.333397
36.938764,1001,8672.175741
34.528419,1001,8680.561749
35.971102,1001,8690.296916
36.58,1001,8698.613551
37.749882,1001,8708.890386
36.671724,1001,8717.64413
36.442442,1001,8727.662511
36.090437,1001,8736.641159
35.622259,1001,8745.401417
36.884981,1001,8753.84775
32.969382,1001,8763.788525
36.78172,1001,8772.744058
36.771493,1001,8781.296915
35.240119,1001,8790.408313
36.012006,1001,8798.924081
35.408085,1001,8808.62965
36.517315,1001,8817.613978
37.245211,1001,8826.501612
36.825597,1001,8835.246623
36.062606,1001,8845.870647
36.711954,1001,8855.387008
37.3868,1001,8864.700255
37.081121,1001,8874.810068
37.471936,1001,8886.491788
37.093794,1001,8895.556562
36.002245,1001,8903.770983
36.427478,1001,8911.965778
36.467146,1001,8921.377031
36.390956,1001,8929.573285
35.750742,1001,8937.754866
35.629536,1001,8945.925144
37.325894,1001,8955.201692
36.70142,1001,8963.526724
35.260099,1001,8972.225965
37.393974,1001,8981.898529
37.072845,1001,8992.421386
36.382062,1001,9002.21198
37.466147,1001,9011.707868
37.520191,1001,9020.323904
38.186855,1001,9029.719734
37.831988,1001,9038.724094
38.311545,1001,9047.115278
38.064974,1001,9056.52934
38.210252,1001,9066.455743
37.003397,1001,9074.943035
36.344974,1001,9083.48319
36.374989,1001,9092.360209
