#{"t_start": 1669293086.6805642, "env_id": null}
r,l,t
0.004821,820,6.653277
0.072059,182,8.336361
1.869581,443,11.851656
0.006519,1001,19.56219
3.561506,980,27.196258
1.858317,589,32.130517
0.006416,1001,42.049628
2.032193,995,51.992157
0.004165,576,57.873425
0,53,58.910697
0.168673,398,63.206855
1.952926,438,67.812715
0.007156,117,69.371013
0.147889,1001,80.897199
0.009279,58,81.939939
0.009383,1001,91.873816
0.002693,59,92.914237
0,108,94.479202
0,53,95.499048
0.00328,61,96.594789
0,45,97.558147
1.979764,361,101.361799
0.002689,58,102.4106
0.09591,355,106.62225
1.763771,1001,117.187861
0.005769,74,118.40953
0.001843,153,120.284244
0.004696,52,121.343038
0.007237,56,122.419593
0,51,123.480767
0.216052,875,133.438473
0.309895,217,135.894492
3.433885,425,140.340255
0,59,141.478922
0,70,142.637298
0.152117,410,146.976891
0.555793,586,153.036637
0,49,154.005635
0,453,158.708935
2.323816,897,167.828301
6.472052,965,178.789437
0.006522,269,181.882455
0.003049,502,187.451352
0.001163,61,188.499749
0.005932,72,189.704159
0,52,190.756223
3.776407,519,196.159788
0,69,197.324111
1.588287,366,201.418134
0,224,203.929985
0,52,204.911657
0.005035,1001,215.022922
0,135,216.848547
2.606758,1001,228.019255
0.79793,796,236.079484
0,1001,245.899762
1.59654,448,250.82588
6.514015,1001,262.477285
0.936207,1001,274.261607
0.009186,51,275.29335
0,57,276.395165
0.071646,1001,286.59513
2.66567,1001,297.104368
0.001859,63,298.290151
0,70,299.492309
0.006836,57,300.506601
0,70,301.647656
0.004832,63,302.77019
0,43,303.668821
0.292714,605,311.307434
0,59,312.338561
0.011745,59,313.377838
0,43,314.342939
0,58,315.435255
0.74062,139,317.222751
0.000947,65,318.336107
0.001771,52,319.346868
0.004881,376,323.569605
0.001174,59,324.68254
0.001699,64,325.872188
0.590922,1001,336.32457
0,1001,346.935325
1.345815,900,355.818853
0.01224,61,356.915822
0,57,359.314353
0.002927,78,360.590498
0.009753,65,361.634282
0.607154,391,365.939021
0,68,367.080674
0,71,368.232006
0,52,369.229834
4.858482,755,376.774006
0.20532,557,382.612468
0,51,383.550134
0,209,385.999434
0,72,387.222641
0.558192,434,392.100037
2.817428,1001,401.997301
0,48,402.937855
0.220431,97,404.389392
0.007613,291,408.863168
0,60,410.052774
0.015702,275,413.329872
0,62,414.369002
0.005395,193,416.769024
0.000108,46,417.766653
0.00266,51,418.771813
0,57,419.786497
0.002897,59,420.816145
0.051069,868,429.622835
0.857008,1001,439.540184
0.012405,154,441.46582
0.00805,57,442.472166
0.001482,64,443.555072
1.208846,1001,455.043231
0.005816,587,460.918696
0,372,464.924463
0.240006,550,472.188346
0,58,473.379494
0.264596,1001,484.910905
0,980,494.634627
2.998543,1001,505.838887
3.251323,1001,515.959561
0.007781,52,516.913323
0,55,517.930287
0.002153,56,518.966985
4.196761,1001,528.811084
0,52,529.832764
1.441033,1001,539.731229
0.006422,53,540.749398
5.694086,520,547.634794
0,61,548.697736
4.231247,879,557.562733
0,50,558.589486
0.010188,51,559.621842
4.002242,1001,569.430647
0.003406,64,570.548614
0.082253,1001,580.93143
0.010189,60,582.152373
0.006336,85,583.507672
0.009027,72,584.792235
1.673035,1001,596.110122
0,66,597.247227
2.982215,461,601.987901
0,63,603.286201
0.004347,66,604.396323
2.332175,685,611.37025
1.701377,237,614.273181
0.010014,304,617.701255
0,57,618.771984
0.008206,100,620.24855
0,63,621.395713
0.003554,62,622.472605
0.035889,1001,632.337637
0.007497,69,633.546386
0.327006,965,645.71638
6.467195,1001,655.832698
2.122734,494,661.157836
0.46993,1001,671.333245
4.330288,595,677.431977
0,51,678.441369
0.003845,627,685.95047
0.004762,65,687.037558
2.013743,1001,696.964497
0,51,697.946462
0,69,699.140103
0.001925,66,700.276999
0.00233,231,702.852627
0.772391,498,707.832971
0.001611,136,709.598832
0.013508,432,714.038381
0.03843,1001,723.729401
3.441512,1001,734.766877
0.002618,190,736.993626
0,74,738.161151
2.569329,1001,747.889395
0.006765,128,750.084563
0.005038,58,751.194621
0,57,752.220023
3.876969,1001,762.150415
0.00457,63,763.268382
0.004858,705,770.527943
0.008378,63,771.639643
0,48,772.570426
0,57,773.598121
5.042245,898,783.965623
1.069988,1001,794.094989
0.003923,51,795.115839
0.594889,928,804.433158
0.009973,1001,814.247157
0.001281,68,815.387559
0.011462,869,825.314038
2.065508,1001,836.30573
9.55165,1001,846.447496
0.021578,124,848.209168
1.556778,683,853.998413
0.006465,51,854.73143
0.011205,46,855.436602
0.008851,1001,864.452533
0.061836,1001,872.109434
0,1001,882.315245
0.002691,63,883.360554
0.381183,354,887.403902
0,46,888.37558
3.426156,841,897.697302
1.951088,1001,912.286396
0,220,916.766159
0,58,918.504775
2.033681,1001,934.218104
1.281658,1001,945.578495
2.356727,1001,955.955004
7.192046,1001,965.287681
0,65,966.243569
0.000543,51,967.06262
0.004258,70,967.981206
2.294687,599,972.679941
0,61,973.525163
0.009463,71,974.42134
0.012569,1001,981.83728
6.462775,1001,989.690859
0,51,990.487695
2.245874,1001,999.898126
0,58,1000.802773
0.003171,60,1001.663929
4.667697,834,1007.808084
0,56,1008.605696
0.007251,54,1009.35764
0.798208,216,1011.266144
0.001149,60,1012.040407
0,60,1012.853151
0,1001,1020.188443
1.835363,1001,1029.02155
0,76,1029.955863
0,60,1030.841665
0.010644,63,1031.714876
0,50,1032.485215
3.721628,1001,1039.796089
0,54,1040.572626
10.710005,1001,1047.63147
0.008773,1001,1054.945464
0,53,1055.697556
4.256477,1001,1063.664634
2.267535,1001,1070.79579
0.008103,103,1071.893288
0,1001,1079.189748
0.002606,68,1080.01899
0.053323,1001,1087.470686
0.467675,1001,1095.545543
0,53,1096.323079
0,635,1101.183306
0,57,1101.950628
0,68,1102.82642
0,1001,1110.046377
3.797568,1001,1117.370931
0.143783,306,1119.869383
0,65,1120.704658
0.002912,63,1121.518502
5.06718,1001,1129.733366
0.007038,360,1132.63882
2.922953,1001,1140.062633
2.751885,254,1142.19443
0,47,1142.869272
0,1001,1150.129287
0.040824,1001,1158.130416
0.001693,58,1158.890086
5.639961,1001,1166.098075
4.976925,1001,1173.282274
4.498429,1001,1180.473628
0.429522,1001,1188.489957
0.109158,1001,1195.820711
6.329888,1001,1203.010588
1.536146,1001,1210.123042
2.29072,1001,1218.158669
5.10738,1001,1225.288055
0,54,1226.026644
0,61,1226.803126
2.795454,1001,1234.970238
5.852197,1001,1242.322246
6.721765,1001,1250.460375
0.333523,1001,1257.648409
1.278233,1001,1264.773777
0.000814,75,1265.676514
0.002295,59,1266.442329
8.768479,1001,1273.660649
1.889577,1001,1281.831645
0.003345,71,1282.716188
0,65,1283.531404
0.770311,1001,1290.771084
5.580761,1001,1297.907889
0,148,1299.264467
4.196641,1001,1306.401508
8.195369,1001,1314.440979
6.050164,1001,1321.667661
2.371255,1001,1328.756862
3.028088,1001,1335.876384
0.617102,1001,1343.838783
11.213184,1001,1351.043237
2.287029,1001,1358.562204
2.965128,1001,1365.684828
2.234499,1001,1373.707596
0.001296,61,1374.50489
0.14435,1001,1381.711851
3.523119,641,1386.474108
7.786326,1001,1393.575473
2.90578,1001,1400.989435
5.755156,1001,1409.043758
4.213998,1001,1416.357999
0.378869,1001,1427.2047
0,77,1428.726294
0,261,1431.798628
0.011738,1001,1439.996945
0.004911,1001,1448.716202
0,60,1449.638358
6.344789,1001,1457.610184
4.82521,1001,1466.469383
8.71067,1001,1475.689276
2.683843,1001,1484.888628
3.822233,1001,1492.850653
0.008138,98,1493.986712
0,699,1499.416436
5.575611,1001,1507.214954
0.007926,59,1508.071141
2.792183,1001,1516.599158
7.476414,1001,1524.25542
8.0744,1001,1531.715861
7.004059,1001,1539.511408
0.783856,1001,1548.161936
0,56,1548.991707
9.212253,1001,1556.644608
9.245591,1001,1564.391345
0.010152,53,1565.170657
0.90267,1001,1572.596168
8.967889,1001,1581.248668
1.17601,1001,1588.708679
0.408873,112,1589.835787
0.005317,65,1590.699651
0.002089,57,1591.441071
9.511291,1001,1598.899789
7.347225,1001,1606.268626
0.004481,153,1607.708114
0.004235,133,1609.859245
8.6e-05,50,1610.654871
1.041884,1001,1618.218788
7.335802,1001,1625.686571
2.34735,1001,1632.766525
3.18618,1001,1640.002803
0,63,1641.657045
4.542927,1001,1649.014466
0,59,1649.776353
3.881486,1001,1657.077216
2.044335,1001,1664.351089
0.008401,60,1665.16844
6.230387,1001,1673.336783
4.78783,512,1677.165167
1.75042,1001,1684.773722
3.763619,1001,1692.002346
5.905103,1001,1699.209949
0.967207,1001,1708.855519
3.753648,1001,1716.297186
3.856375,1001,1723.647241
3.375212,1001,1730.573868
4.194154,1001,1738.719688
5.201639,1001,1745.896669
5.72304,1001,1752.992774
3.517808,1001,1759.854554
0.002256,78,1760.741842
5.735441,1001,1768.672428
6.589047,1001,1775.809177
3.68691,1001,1782.935616
11.197815,1001,1789.935684
8.642853,1001,1798.111734
0.109847,220,1799.965668
4.302781,1001,1807.123137
4.402918,1001,1814.22107
6.487217,1001,1821.29928
12.509868,1001,1829.284703
8.645232,1001,1836.417926
8.658267,1001,1843.428088
5.525129,1001,1850.511304
4.383088,1001,1858.853014
0,76,1859.819101
1.547669,1001,1866.95564
4.773204,1001,1874.137522
4.172892,599,1878.706222
6.512333,1001,1885.754299
11.822918,1001,1893.980523
2.490069,345,1896.816446
8.553635,976,1904.359622
9.971235,1001,1912.713326
8.640463,1001,1921.766104
1.190917,378,1925.196496
3.426526,1001,1936.860331
2.346057,1001,1956.738959
4.583175,1001,1974.505911
4.966222,1001,1998.545046
0.003122,58,2000.984852
6.143499,977,2020.876471
6.613785,1001,2036.521653
0.66179,1001,2045.409441
2.716141,1001,2055.771058
7.557603,1001,2066.673841
0.849615,1001,2076.143256
0,127,2077.622627
8.554179,1001,2085.819206
0.974968,377,2089.656521
2.483679,486,2095.49406
3.504909,1001,2104.060851
6.134589,1001,2112.417009
5.776037,1001,2122.38566
0.149346,1001,2133.232612
13.877863,1001,2142.837276
0,88,2144.006767
4.764801,1001,2152.292552
3.930989,1001,2162.023411
0,57,2162.900506
8.533673,896,2172.115076
4.496949,1001,2180.77958
0.152993,381,2184.555795
0.006417,88,2185.631799
0,68,2186.575177
0.005561,92,2187.858558
1.394256,165,2189.593021
5.138094,1001,2198.176308
0,283,2201.165462
10.603083,1001,2211.539199
10.122649,1001,2221.081873
1.868703,1001,2229.862084
5.813092,1001,2237.201653
0.102782,118,2238.568509
6.348529,703,2246.36444
16.66464,1001,2255.573838
9.700016,1001,2263.720248
5.684989,1001,2273.314276
7.011299,1001,2282.244667
16.284489,1001,2291.274426
10.058946,1001,2299.488274
14.490023,1001,2306.901491
11.125983,1001,2315.460124
9.382859,1001,2330.419689
9.885802,1001,2346.045651
11.390671,1001,2366.388514
2.255038,1001,2389.808762
3.051795,1001,2404.096205
9.20323,1001,2411.576552
6.906714,1001,2419.253856
8.191445,1001,2427.23527
2.151324,1001,2436.435699
8.708864,1001,2444.449408
11.206197,1001,2452.420616
7.705782,885,2459.871065
2.02672,519,2464.946968
0.736774,241,2468.484582
2.603872,248,2470.672613
0.007016,84,2471.865157
0,59,2472.735051
0.825303,147,2474.391176
8.660541,1001,2484.411414
0.007201,266,2487.474343
8.090619,1001,2496.974154
9.800313,1001,2506.114831
12.193965,1001,2516.166351
13.518886,1001,2523.897539
0.050893,113,2525.076337
4.54319,526,2529.029979
10.731181,1001,2537.389739
13.871286,1001,2548.052844
0.003856,148,2549.611982
6.91018,1001,2557.34206
0.215299,115,2558.612916
11.709333,1001,2567.231839
3.100812,297,2569.606431
14.117763,1001,2577.189211
0.030754,117,2579.081101
11.539815,765,2587.347172
9.937863,1001,2594.849767
9.834845,1001,2602.088531
17.013116,1001,2609.266545
10.070971,1001,2617.361564
20.65237,1001,2624.472008
13.459695,1001,2631.609997
10.735963,1001,2638.766992
3.455185,807,2645.660736
13.550982,1001,2652.826177
9.648521,1001,2660.030868
12.616485,1001,2667.30388
8.436195,1001,2675.44567
7.550216,1001,2682.545385
8.313452,1001,2689.878881
7.98265,1001,2697.094128
8.316862,1001,2705.213843
13.390707,1001,2712.700051
11.988183,1001,2719.89609
10.443312,932,2726.721882
0.054337,110,2727.868114
10.857128,1001,2735.948292
1.958096,264,2738.396606
0.554904,109,2739.574536
11.540912,1001,2746.8702
18.982523,1001,2754.058302
17.015494,1001,2761.883545
10.812462,1001,2770.502088
0.528558,448,2773.911399
10.085558,1001,2781.247505
11.02327,854,2787.486303
10.535015,1001,2794.829471
0,50,2795.534947
13.995471,1001,2803.958276
0,63,2804.822653
0,79,2805.795149
21.965373,1001,2814.049425
12.926801,1001,2821.802243
12.052574,1001,2829.227535
14.845473,1001,2837.339376
10.512028,1001,2844.519198
14.672545,1001,2851.961643
12.38254,1001,2859.684558
0,58,2860.538036
11.317888,1001,2869.82019
0,59,2870.725337
19.380476,1001,2878.73363
0.009129,58,2879.525372
10.798619,1001,2887.339567
16.644085,1001,2895.228629
9.74838,1001,2903.463296
12.859298,1001,2910.681635
18.516672,1001,2918.279378
15.642251,1001,2925.580036
19.542267,1001,2933.717533
13.043446,1001,2941.279542
10.382559,1001,2948.644127
18.001361,1001,2956.275728
9.661074,1001,2965.158421
19.948235,1001,2973.522262
8.078502,857,2980.721698
16.583399,1001,2988.214055
17.365234,1001,2996.645506
17.904672,1001,3005.070963
8.947907,1001,3012.718954
18.210396,1001,3020.668606
10.972739,1001,3029.823446
14.927861,1001,3037.562098
15.614926,1001,3044.947491
14.156523,1001,3054.249428
0.003159,61,3055.088444
8.017565,644,3060.42384
0.048658,127,3061.802411
21.696752,1001,3070.492599
0.009972,87,3071.538587
16.50231,1001,3078.928331
15.035847,1001,3086.510921
16.386136,1001,3094.569849
10.682369,1001,3103.19375
19.806292,1001,3110.687229
13.189048,1001,3119.990445
17.735142,1001,3128.824915
0,162,3130.36072
11.876935,1001,3138.906771
2.512188,230,3140.85394
0.003656,85,3141.845436
1.913256,313,3144.358072
20.442326,1001,3151.67114
13.398459,960,3158.634793
20.999916,1001,3166.732809
25.632533,1001,3173.89151
12.968417,1001,3181.348702
17.713074,1001,3188.635912
19.095154,1001,3196.778096
19.106162,1001,3204.005798
21.154997,1001,3211.212216
20.170329,1001,3218.42384
17.977474,1001,3226.622862
14.646647,1001,3234.081629
4.691722,310,3236.592535
18.31553,1001,3244.155679
15.639798,1001,3251.57551
12.348777,1001,3259.675735
21.141119,1001,3267.003812
19.101989,1001,3274.50233
12.427076,1001,3281.875796
17.508069,1001,3291.472206
22.535841,1001,3299.203674
15.895934,1001,3306.695134
16.702263,1001,3313.977596
18.053706,1001,3322.094371
16.92312,1001,3329.484453
12.591643,1001,3336.785819
16.994546,1001,3344.170572
24.558099,1001,3352.600023
16.527468,1001,3360.246696
0,73,3361.151796
20.857058,1001,3368.506807
24.349641,1001,3375.784557
20.433707,1001,3383.870009
20.511473,1001,3391.262134
21.180165,1001,3398.61163
23.19727,1001,3405.953758
25.411768,1001,3414.005763
22.142931,1001,3421.532606
14.02912,1001,3428.791398
21.470997,1001,3435.863635
23.005601,1001,3443.017195
18.062108,1001,3451.029066
21.282922,1001,3458.43639
24.476557,1001,3465.607158
0.000596,61,3466.405459
20.871495,1001,3473.52329
23.372747,1001,3481.958937
20.578992,1001,3489.414295
0,64,3490.26724
18.585268,1001,3497.488207
23.92828,1001,3504.62107
24.22813,1001,3512.860009
18.834957,1001,3521.560775
25.656149,1001,3528.901887
18.94621,1001,3536.160159
20.264088,1001,3544.65743
22.940601,1001,3552.063812
19.439371,1001,3560.187379
22.533198,1001,3567.443296
25.848724,1001,3575.851566
25.336995,1001,3583.331531
21.979718,1001,3590.630691
19.915716,1001,3597.97345
24.559961,1001,3606.179924
24.252071,1001,3613.592058
22.824368,1001,3620.905951
25.742508,1001,3628.223613
25.74462,1001,3636.425576
26.703106,1001,3643.713908
26.506559,1001,3650.939157
23.791342,1001,3658.300829
24.694398,1001,3666.587868
23.204039,1001,3673.837065
21.329724,1001,3681.046504
24.378909,1001,3688.288777
22.974264,1001,3696.471277
25.830562,1001,3704.606853
24.365676,1001,3713.136817
20.082088,1001,3721.50741
20.124159,1001,3731.549888
25.02036,1001,3744.364312
22.418914,1001,3756.423329
22.55594,1001,3769.37405
23.732761,1001,3783.047674
24.12168,1001,3794.675994
0.007644,108,3796.478535
17.014007,1001,3808.068882
22.07982,1001,3818.928058
23.577232,1001,3831.029474
24.087643,1001,3842.444
24.555537,1001,3853.232015
24.006378,1001,3865.020207
21.211167,1001,3878.177615
25.909652,1001,3890.297918
24.097228,1001,3901.883206
26.180776,1001,3912.478135
24.725087,1001,3922.749639
17.056575,1001,3934.22015
0,56,3935.350204
26.181246,1001,3945.724335
25.644679,1001,3957.698382
23.519532,1001,3968.886917
24.423399,1001,3980.839415
26.49341,1001,3992.879498
22.974841,1001,4000.746687
24.137404,1001,4008.016218
25.123662,1001,4016.799989
19.216343,1001,4024.328212
23.644198,1001,4031.817524
19.719232,1001,4039.583044
27.004571,1001,4047.783005
24.324596,1001,4055.069901
27.830532,1001,4062.329892
23.584439,1001,4070.335173
26.891525,1001,4079.042271
23.524872,1001,4086.232578
26.468122,1001,4093.481885
25.445825,1001,4100.695279
26.726275,1001,4109.007153
28.202773,1001,4116.489997
26.385461,1001,4124.262661
28.921295,1001,4131.702336
27.942962,1001,4140.139647
23.254558,1001,4147.410196
27.18702,1001,4154.606753
28.111488,1001,4162.272465
21.056589,1001,4170.784716
27.917949,1001,4178.494346
22.816369,1001,4185.886228
25.19169,1001,4193.154752
26.677019,1001,4201.499058
24.627451,1001,4209.182827
25.425723,1001,4216.478221
26.745108,1001,4224.033803
26.436352,1001,4235.899548
28.322937,1001,4246.376752
23.583565,1001,4257.717818
24.779287,1001,4269.26139
23.001088,1001,4282.28707
27.433686,1001,4293.93337
27.580599,1001,4304.836422
23.573667,1001,4316.085393
29.593053,1001,4328.00425
27.448929,1001,4338.767848
21.374474,1001,4349.715912
25.471185,1001,4361.238741
25.826285,1001,4371.542444
27.247755,1001,4384.418018
26.199667,1001,4395.301699
27.635523,1001,4403.527529
26.611171,1001,4410.638645
26.573007,1001,4420.163688
26.440269,1001,4430.794948
26.848906,1001,4441.063192
26.549081,1001,4451.400912
27.840584,1001,4463.359882
24.104979,1001,4473.644646
28.24426,1001,4484.367059
21.813803,1001,4496.089388
25.716565,1001,4508.539035
24.289504,1001,4519.482485
23.295927,1001,4530.97021
24.408429,1001,4541.501295
27.926161,1001,4554.000875
28.228356,1001,4565.233113
26.180531,1001,4576.282409
22.92423,1001,4586.948531
25.5191,1001,4598.741382
24.939455,1001,4610.238787
26.620676,1001,4620.805447
29.021338,1001,4631.790687
26.085084,1001,4643.048542
26.819679,1001,4653.020346
29.438232,1001,4664.245062
29.720909,1001,4674.676193
28.879018,1001,4686.244721
24.053638,1001,4696.127249
27.645971,1001,4706.407084
0,84,4707.664811
23.971,1001,4717.710214
21.608204,1001,4729.500789
27.635376,1001,4740.795287
27.703595,1001,4750.757912
28.279988,1001,4761.252806
26.805115,1001,4774.000648
25.790389,1001,4785.64233
27.555772,1001,4796.800722
26.943081,1001,4807.162399
27.643235,1001,4818.70606
19.318899,1001,4829.303267
26.630663,1001,4840.314778
27.159103,1001,4851.847354
28.324513,1001,4863.47689
25.320172,1001,4873.854222
24.456804,1001,4884.46091
21.767442,1001,4892.109607
28.509732,1001,4899.437441
26.975915,1001,4907.832817
28.035563,1001,4915.546258
29.806791,1001,4922.860683
25.944684,1001,4930.132273
28.595404,1001,4938.266882
30.18331,1001,4946.197956
25.525929,1001,4953.717062
24.25999,1001,4961.916567
26.94439,1001,4970.730521
29.831622,1001,4979.128222
29.756325,1001,4987.093862
30.421369,1001,4997.210028
27.701293,1001,5009.75151
27.250032,1001,5020.935073
30.952187,1001,5038.031499
30.075568,1001,5053.161197
27.574446,1001,5065.570186
26.652478,1001,5073.891176
25.91349,1001,5081.65093
28.075187,1001,5089.776334
24.659996,1001,5099.80655
29.099695,1001,5108.623384
27.040024,1001,5116.631032
30.658735,1001,5124.446979
30.161131,1001,5132.623718
23.901422,1001,5140.291669
27.973177,1001,5151.046221
26.116205,1001,5161.957881
28.581973,1001,5174.973671
28.225671,1001,5184.449661
28.360217,1001,5191.8619
27.930802,1001,5199.579967
30.893261,1001,5208.194684
26.163406,1001,5215.698575
27.676134,1001,5225.319363
27.066817,1001,5232.549459
24.292288,1001,5241.249132
27.001994,1001,5250.093207
31.108374,1001,5259.721578
26.32179,1001,5268.166513
27.717508,1001,5276.592981
27.593534,1001,5285.829911
27.200346,1001,5293.504768
27.904049,1001,5301.415912
0.466213,129,5302.782101
28.515833,1001,5311.584704
29.105961,1001,5320.057262
30.379713,1001,5330.039062
27.906192,1001,5339.966151
25.715898,1001,5348.089469
28.282976,1001,5357.041993
29.483584,1001,5365.378749
24.148433,1001,5373.53367
28.534169,1001,5381.159482
29.641618,1001,5390.556582
27.720036,1001,5398.485039
29.487723,1001,5406.284849
26.703895,1001,5414.027251
29.662956,1001,5423.182441
28.74101,1001,5431.650753
30.35083,1001,5445.332755
28.158944,1001,5459.279998
30.032554,1001,5468.604797
28.844788,1001,5476.017478
29.602938,1001,5483.241855
30.385816,1001,5492.151188
25.724839,1001,5500.208109
26.089585,1001,5507.686264
26.336429,1001,5516.997386
29.283333,1001,5526.271061
29.803841,1001,5538.432079
27.937964,1001,5545.943279
26.374602,1001,5555.150263
25.806414,1001,5564.345337
29.267705,1001,5573.302619
29.230313,1001,5581.520277
27.514003,1001,5590.993164
27.917788,1001,5599.385639
28.944395,1001,5609.634833
30.673495,1001,5617.296762
28.611765,1001,5624.989664
25.555746,1001,5632.74287
28.656878,1001,5645.018276
30.847427,1001,5655.777887
26.547817,1001,5666.999318
28.831845,1001,5674.090882
28.628596,1001,5682.793298
28.201932,1001,5690.149294
31.492309,1001,5697.542697
29.656505,1001,5704.85513
26.655731,1001,5712.997943
30.762053,1001,5720.270275
30.601512,1001,5727.545225
31.023984,1001,5734.792475
29.185133,1001,5742.053913
26.90954,1001,5750.366255
27.699485,1001,5757.822723
25.640079,1001,5765.338838
29.022225,1001,5773.459455
28.628939,1001,5781.821593
28.654061,1001,5789.151654
26.752733,1001,5796.483002
28.209373,1001,5803.817332
30.050433,1001,5812.091139
25.668887,1001,5819.479542
27.251026,1001,5826.744248
26.129918,1001,5834.100065
25.059649,1001,5842.404928
29.914744,1001,5849.762734
28.645004,1001,5856.981205
29.330605,1001,5864.368151
29.319053,1001,5872.492009
30.34921,1001,5880.056119
29.403707,1001,5887.416212
31.600391,1001,5894.791824
28.811746,1001,5903.010695
28.218377,1001,5910.539786
24.806002,1001,5918.016919
30.51677,1001,5925.42629
30.398877,1001,5933.698681
28.109238,1001,5941.357405
26.561782,1001,5948.821844
29.641521,1001,5956.272305
26.934948,1001,5964.746438
29.194321,1001,5972.248614
27.266962,1001,5979.619531
22.582112,1001,5987.430614
27.288067,1001,5996.058714
27.639983,1001,6004.425068
30.882917,1001,6011.863956
28.713618,1001,6019.413328
29.247592,1001,6027.856472
30.161131,1001,6035.316138
26.0041,1001,6042.679262
24.2206,1001,6050.244576
29.430424,1001,6058.725963
30.284888,1001,6066.181185
28.3125,1001,6073.57032
27.796697,1001,6081.32834
26.491901,1001,6091.619313
29.530017,1001,6100.747158
27.096782,1001,6108.912122
28.241144,1001,6117.116297
29.79902,1001,6125.495451
28.779905,1001,6134.77335
27.180402,1001,6142.91757
27.591828,1001,6151.201822
28.938238,1001,6159.568177
30.401089,1001,6168.867461
30.332739,1001,6177.374925
27.172424,1001,6185.962234
27.314264,1001,6194.402886
27.298312,1001,6203.824415
27.137317,1001,6212.547794
26.424691,1001,6220.953088
31.243838,1001,6229.710335
28.600555,1001,6239.510289
30.59796,1001,6248.469551
29.319867,1001,6258.337629
26.508965,1001,6266.83979
27.857499,1001,6276.587461
28.865739,1001,6284.946091
28.964196,1001,6293.424449
30.196505,1001,6302.13045
26.462872,1001,6311.688197
29.161135,1001,6320.291711
29.775727,1001,6329.261955
30.930799,1001,6337.592554
29.608457,1001,6346.871099
27.851713,1001,6354.9393
26.735353,1001,6363.595311
30.451957,1001,6371.641111
28.928968,1001,6381.274398
28.443666,1001,6389.860534
28.566788,1001,6397.817982
30.998367,1001,6405.710367
28.912177,1001,6414.637711
29.176157,1001,6422.94704
28.899536,1001,6430.856013
28.784141,1001,6438.918365
25.919736,1001,6447.967646
29.312041,1001,6456.149205
30.369166,1001,6464.110189
29.556845,1001,6472.134391
28.08806,1001,6480.610081
29.93384,1001,6489.599348
27.73874,1001,6497.702654
30.627783,1001,6505.892321
29.537665,1001,6515.376928
27.975904,1001,6524.942634
30.751271,1001,6533.17965
30.301275,1001,6541.656765
29.576057,1001,6550.010728
29.698179,1001,6559.280948
27.237558,1001,6567.909428
27.505396,1001,6577.243386
30.725872,1001,6586.896538
31.496335,1001,6602.956219
29.379828,1001,6619.965746
28.269615,1001,6643.447679
27.152751,1001,6667.139963
29.399836,1001,6689.197471
30.007866,1001,6710.760583
27.769197,1001,6732.225012
28.206964,1001,6751.005804
28.654035,1001,6775.124173
22.542549,1001,6795.889945
30.069167,1001,6812.950835
29.187412,1001,6832.271135
27.133751,1001,6856.392562
30.555543,1001,6877.508747
26.038904,1001,6894.992418
25.819874,1001,6916.310712
31.21579,1001,6937.203954
29.282226,1001,6958.995692
32.78832,1001,6983.274511
30.248824,1001,7007.130366
28.090454,1001,7028.8657
31.05036,1001,7049.151742
30.802701,1001,7070.579492
29.886943,1001,7093.296232
28.379137,1001,7113.761911
29.864087,1001,7133.29925
30.147278,1001,7153.642942
31.169296,1001,7172.063068
30.320943,1001,7190.722887
30.289124,1001,7211.958227
28.525893,1001,7230.74386
31.260152,1001,7248.956167
29.759649,1001,7269.872829
28.882227,1001,7291.114551
29.23779,1001,7311.385664
29.638615,1001,7330.547482
29.371189,1001,7347.747787
31.236262,1001,7368.756204
31.713326,1001,7388.514764
30.91815,1001,7406.016837
26.633883,1001,7428.098141
31.831718,1001,7448.961726
27.707505,1001,7468.027765
30.894688,1001,7487.023132
30.296095,1001,7505.261579
29.747531,1001,7527.145359
25.694529,1001,7547.171037
29.542451,1001,7566.471565
28.638328,1001,7584.239216
28.546291,1001,7607.704207
27.739449,1001,7626.546278
27.813199,1001,7647.490585
12.327697,438,7656.074512
19.051533,766,7672.88345
31.12402,1001,7697.424023
29.513299,1001,7716.915226
29.027809,1001,7733.714994
30.323401,1001,7752.247252
28.333936,1001,7772.270074
28.143304,1001,7791.628881
7.249484,450,7800.987577
31.563383,1001,7819.594237
31.176063,1001,7840.845023
28.239607,1001,7862.271637
31.403233,1001,7881.215673
30.327198,1001,7899.71974
29.812986,1001,7918.017947
29.030541,1001,7937.366028
28.491936,1001,7961.256032
18.888572,696,7977.605946
29.739923,1001,8000.270627
29.086328,1001,8026.704257
28.988604,1001,8049.905892
30.649698,1001,8073.802474
26.836727,1001,8097.175745
31.015984,1001,8121.542042
30.284835,1001,8145.234499
26.306783,1001,8168.288153
29.257107,1001,8191.916522
30.938856,1001,8219.505691
29.179296,1001,8242.891722
30.063247,1001,8266.048846
30.599619,1001,8290.397541
31.987639,1001,8318.261695
29.805533,1001,8342.557442
31.124136,1001,8369.005027
28.345763,1001,8394.663643
30.561234,1001,8420.726325
30.153685,1001,8442.451522
31.80366,1001,8465.411709
30.204487,1001,8487.739292
29.092742,1001,8509.655387
28.180987,1001,8536.958321
30.524749,1001,8561.350795
28.344426,1001,8585.312603
28.527654,1001,8610.672645
30.607032,1001,8636.255685
31.797818,1001,8658.74534
30.250307,1001,8682.099698
32.320056,1001,8704.076831
30.460113,1001,8729.704619
28.781086,1001,8753.488353
28.857214,1001,8779.003163
30.007142,1001,8802.653785
30.448251,1001,8830.40364
34.241207,1001,8851.750585
0.056131,114,8854.463089
30.185863,1001,8873.477462
27.669061,1001,8893.208328
28.738263,1001,8913.149583
27.008257,1001,8930.907658
31.512627,1001,8949.030157
30.951979,1001,8966.558027
31.307851,1001,8988.42587
32.071544,1001,9007.141955
31.471785,1001,9024.69781
30.480555,1001,9043.090967
31.471661,1001,9063.90032
30.849951,1001,9081.03378
28.761093,1001,9098.571926
30.073444,1001,9109.763489
28.765696,1001,9119.85329
12.186418,559,9124.663607
6.312287,299,9127.473612
31.798034,1001,9135.974897
31.464259,1001,9144.546935
28.108753,1001,9157.301388
30.494046,1001,9174.414915
31.387864,1001,9194.867199
27.020117,1001,9221.251202
30.5082,1001,9235.514739
27.721457,1001,9243.536169
27.999999,1001,9250.923685
28.78591,1001,9258.463629
30.18142,1001,9267.325418
30.358706,1001,9274.926899
30.433834,1001,9282.685643
31.213529,1001,9290.271457
31.935659,1001,9297.995429
31.581212,1001,9306.499981
27.472169,1001,9314.0543
27.664719,1001,9321.573752
31.826282,1001,9329.064447
29.382196,1001,9337.633063
29.332542,1001,9345.434354
30.799317,1001,9353.828382
32.405703,1001,9361.521024
24.704583,1001,9369.771209
29.692998,1001,9377.218104
30.396103,1001,9384.658204
31.493903,1001,9392.018473
30.813377,1001,9400.280165
30.672341,1001,9407.637419
26.840171,1001,9414.982306
28.262877,1001,9422.683732
29.632074,1001,9430.966825
31.031419,1001,9438.336122
30.896094,1001,9445.612777
31.741783,1001,9453.035215
32.690476,1001,9461.651404
31.303964,1001,9470.373438
30.028252,1001,9482.668948
31.630167,1001,9492.869895
0.327193,126,9494.763689
30.593702,1001,9506.279955
28.650641,1001,9516.637096
31.786853,1001,9527.18366
31.182295,1001,9537.476762
30.806006,1001,9549.024939
32.332355,1001,9559.238472
30.815259,1001,9569.525198
31.15427,1001,9581.43015
29.894525,1001,9594.639922
32.457244,1001,9606.41231
31.132742,1001,9617.455301
31.23213,1001,9628.662176
33.25621,1001,9641.320043
31.019175,1001,9652.793422
31.646915,1001,9664.639879
31.270238,1001,9676.113914
30.686957,1001,9688.821465
31.319693,1001,9699.609869
28.953609,1001,9710.899024
30.464714,1001,9721.987311
31.080836,1001,9735.667783
32.261791,1001,9746.290372
33.202864,1001,9757.475427
27.875212,1001,9769.679375
31.526357,1001,9781.794535
30.982595,1001,9793.00965
32.441561,1001,9803.03452
30.177317,1001,9813.627023
31.588772,1001,9824.662513
31.6308,1001,9837.314361
32.140346,1001,9848.333314
31.233992,1001,9859.372772
31.73523,1001,9870.253872
31.598379,1001,9882.421433
31.556008,1001,9894.003505
28.920862,1001,9904.773385
28.112819,1001,9915.619142
31.711798,1001,9928.034476
32.670615,1001,9939.076168
30.88741,1001,9950.266846
33.605451,1001,9961.731215
33.31992,1001,9971.752347
32.135039,1001,9979.249003
31.583022,1001,9986.703627
15.357569,548,9990.867325
30.314844,1001,9999.134175
31.639744,1001,10006.449102
30.5323,1001,10013.803281
31.704489,1001,10021.249928
31.583887,1001,10028.558968
30.264499,1001,10036.747826
32.821319,1001,10044.077037
31.476307,1001,10051.464821
33.655908,1001,10058.866002
30.831697,1001,10066.972211
29.758681,1001,10074.227937
32.542749,1001,10081.688984
31.533899,1001,10088.984673
32.411015,1001,10097.261461
32.262487,1001,10104.731
32.769552,1001,10112.149364
31.635691,1001,10119.540092
30.367897,1001,10127.764322
30.337499,1001,10135.071069
31.683276,1001,10142.432494
33.776216,1001,10149.701588
32.124101,1001,10157.973853
30.709183,1001,10165.234548
31.142969,1001,10172.451764
31.079703,1001,10179.908451
33.096103,1001,10188.038575
29.910503,1001,10195.240407
33.10974,1001,10203.342077
32.772933,1001,10210.675601
31.48734,1001,10218.975516
31.569582,1001,10226.37633
31.329015,1001,10233.69222
30.651768,1001,10240.977058
32.511667,1001,10249.025367
32.289608,1001,10256.384715
29.862257,1001,10263.73187
32.665841,1001,10271.058055
30.732519,1001,10279.36868
32.010796,1001,10286.963435
31.665133,1001,10294.53716
32.031154,1001,10302.080845
31.626092,1001,10310.418313
31.52785,1001,10318.216657
32.744808,1001,10326.134353
32.24604,1001,10335.614239
29.077026,1001,10348.927057
30.272029,1001,10359.81529
30.811442,1001,10370.155356
31.401298,1001,10381.670978
31.036381,1001,10394.104943
32.250083,1001,10407.973606
31.743008,1001,10419.578328
29.924366,1001,10430.912756
31.498149,1001,10442.060099
30.654749,1001,10454.924796
33.282179,1001,10466.358347
29.661787,1001,10478.884864
32.691466,1001,10490.615513
32.508849,1001,10502.636417
32.022247,1001,10513.234562
31.900077,1001,10523.623251
31.065683,1001,10534.085476
31.136244,1001,10546.206426
32.340473,1001,10557.043314
29.891543,1001,10569.385686
32.386713,1001,10580.97249
32.001903,1001,10593.339358
31.840095,1001,10604.221278
31.061819,1001,10616.100081
30.564759,1001,10627.156389
