#{"t_start": 1669502146.7152545, "env_id": null}
r,l,t
65.437114,516,134.714305
16.793636,133,176.697581
12.75881,62,202.659824
28.904932,223,261.386729
11.290137,71,285.746058
44.871577,351,374.616019
10.779575,57,398.485829
27.533184,214,459.35844
9.610082,58,484.705615
38.756805,232,549.215755
47.194122,290,627.666916
58.767866,336,714.02233
33.468131,258,782.143407
8.666235,52,807.282941
49.3783,230,871.115374
8.035845,48,893.378867
12.56013,58,919.174997
17.959758,147,962.679619
16.754745,157,1003.794811
14.027851,77,1030.159325
110.321994,563,1166.534011
52.81098,353,1244.181055
73.099577,739,1446.014319
8.782217,54,1476.365559
11.539392,63,1509.596657
12.302379,57,1541.472204
156.365672,776,1769.568498
30.18123,179,1836.534333
39.954823,297,1935.044123
12.394849,67,1968.970902
8.010075,69,2002.650148
108.520614,639,2203.71845
35.512702,248,2267.686069
9.212402,48,2296.100298
10.789807,56,2327.814845
10.673257,58,2359.263512
8.340825,47,2387.296368
27.483325,175,2452.308285
9.959681,56,2483.415044
10.519968,56,2514.610217
9.029212,74,2551.294571
10.706771,66,2585.145091
8.819851,49,2613.429619
12.238201,75,2650.751267
31.791991,214,2729.150413
11.506614,65,2763.573174
10.837226,59,2795.38261
5.797945,48,2822.155547
119.725466,496,2979.334467
11.967504,57,3010.965948
7.547678,48,3039.44235
55.595437,320,3148.197376
10.971035,61,3179.620726
10.30397,51,3209.440463
8.790488,59,3241.098118
11.050918,62,3273.244866
37.405921,342,3308.398912
20.37157,151,3328.860603
8.387445,44,3345.439942
54.124983,398,3376.926688
10.160008,73,3394.924734
12.833979,71,3412.397119
17.533742,129,3432.420705
17.31229,92,3450.209258
10.65528,54,3466.574116
18.341394,86,3484.05033
15.156423,80,3502.018447
7.290513,44,3518.38304
19.77742,146,3538.923401
16.301503,79,3556.959334
15.333696,112,3575.855357
9.740695,64,3592.893912
9.779152,50,3609.737812
12.530576,64,3627.103826
7.271587,57,3644.207909
9.973027,51,3661.232056
13.341417,85,3679.622123
9.104953,50,3696.405871
16.209139,103,3715.654674
11.501073,57,3732.935252
14.160302,80,3751.105907
38.906009,227,3774.840876
26.423072,223,3799.212043
9.301645,54,3816.137406
11.140924,56,3833.29332
6.647954,45,3849.82366
40.776105,355,3879.24498
11.617524,68,3896.460047
17.098232,102,3916.043294
36.490024,342,3944.846195
8.893025,62,3961.745451
9.705865,54,3978.874653
21.195475,121,3997.764019
8.580936,55,4014.310043
5.620904,51,4030.929214
52.437627,360,4060.778333
4.932589,49,4077.275161
8.718299,57,4094.48462
8.755237,49,4110.768238
28.6349,281,4137.348882
37.338484,238,4161.916188
5.55407,53,4178.563353
9.85793,49,4194.543747
11.464649,63,4211.74498
17.530199,151,4232.533769
13.826136,68,4249.639502
7.074145,46,4266.713694
3.935774,59,4283.596075
15.600341,98,4302.074788
7.225612,48,4318.865248
17.309695,287,4345.611934
20.227769,137,4365.66388
11.392657,76,4383.074053
27.359906,143,4403.345052
8.960249,74,4420.847562
4.231114,45,4437.1594
5.960132,51,4454.26958
15.936179,133,4474.013616
30.053932,278,4499.696703
7.405793,49,4516.526035
33.191659,331,4544.322902
3.323831,47,4560.59531
6.998877,48,4577.213345
6.606533,62,4594.868182
7.855716,54,4611.18643
9.232626,82,4629.459089
15.540361,89,4647.73297
8.928355,69,4665.307275
5.029026,67,4682.143544
25.492483,244,4706.974532
39.588211,339,4735.949936
9.995717,60,4753.151357
9.104674,61,4769.608943
14.526757,132,4789.49555
7.746185,63,4806.58255
6.040126,54,4822.570036
7.303384,56,4839.457019
4.740811,66,4856.512962
10.504348,97,4875.157703
8.082641,48,4891.933074
30.393615,192,4914.5381
16.186215,167,4936.349527
11.932025,67,4953.735159
21.075944,171,4975.299337
20.337913,120,4994.756124
7.318647,67,5012.103816
8.697323,60,5029.140737
3.748363,43,5045.752223
3.570666,50,5062.15559
9.638733,54,5078.228735
33.758599,267,5103.502169
5.906811,65,5120.677052
8.418899,51,5138.076264
9.094687,63,5154.732219
28.890945,175,5176.95865
21.517969,162,5198.418633
10.099206,132,5218.517321
18.896127,163,5239.286196
14.282249,141,5259.731538
29.796982,207,5282.519132
29.213802,277,5309.077297
7.755976,50,5325.707937
25.805605,296,5352.624801
7.17992,56,5369.416506
9.306125,68,5386.463345
18.360008,138,5406.505033
6.146355,68,5423.670709
31.758126,363,5453.162771
7.407954,63,5470.616765
8.844105,64,5487.643835
24.102389,148,5507.809844
7.579022,57,5524.746768
10.92054,57,5540.747715
4.74752,51,5557.71207
9.758369,57,5574.102334
8.932229,56,5591.160315
9.120969,53,5608.202737
6.334134,55,5624.846078
7.197869,53,5641.281736
24.251115,202,5664.043814
8.854989,54,5680.483322
4.998086,45,5695.172258
19.014378,122,5714.972179
4.328306,48,5731.664476
7.959222,55,5748.743601
8.024703,65,5766.028727
6.616697,52,5782.80669
4.695786,42,5799.169275
11.015968,62,5816.117493
19.50599,208,5838.929208
8.815565,59,5856.492683
6.60625,50,5872.447901
4.112703,47,5889.78032
6.043905,49,5906.750095
28.353827,166,5928.608752
5.781912,47,5945.152482
4.050252,46,5961.445112
9.756387,61,5978.331521
8.919833,56,5994.620232
19.123044,275,6019.644215
12.520029,85,6037.793732
10.970803,66,6054.273211
12.979571,117,6074.203816
7.831689,66,6091.436126
8.257614,70,6108.951337
22.548996,165,6130.061582
4.765241,50,6146.426769
9.174789,63,6163.394066
5.724336,46,6179.947713
14.826376,160,6201.045778
9.43459,145,6221.912107
17.96644,115,6241.383817
24.273832,163,6262.56966
20.199353,251,6286.93464
12.346256,105,6305.792238
10.856461,65,6323.200693
8.146873,67,6341.151872
11.784938,70,6358.787508
7.393461,65,6376.154438
8.046691,71,6393.305979
9.908837,75,6411.230661
25.14446,286,6437.278993
11.466146,64,6454.550582
14.489509,104,6473.53435
16.081188,139,6494.168181
6.789785,75,6511.849024
10.890161,59,6528.450976
9.76671,77,6545.291317
20.469505,177,6567.240218
7.340009,67,6584.525466
17.769054,145,6605.71971
12.043946,76,6623.198136
8.547669,64,6640.351669
19.198918,187,6661.901939
15.091184,79,6679.827407
10.71389,63,6696.977247
10.067701,62,6713.983024
19.650862,137,6734.401898
11.129953,69,6751.813535
9.725038,144,6772.452123
31.040484,187,6794.773274
9.079607,71,6813.287516
28.362688,164,6834.86604
24.279463,178,6856.996036
10.308546,66,6873.79953
12.787293,107,6892.602619
13.759318,107,6911.417853
42.816771,270,6936.656792
16.62277,98,6955.232579
12.95581,94,6973.808147
7.087689,62,6990.916485
10.440212,57,7008.339301
17.034208,123,7028.337487
14.604593,109,7047.22137
20.487773,130,7067.07709
8.063603,70,7084.440122
38.042878,226,7107.265152
18.56616,131,7127.39989
11.899253,81,7145.123935
10.4817,60,7162.383153
11.665579,105,7180.576308
12.585488,73,7197.394498
7.645607,47,7214.145547
25.377454,217,7237.760295
14.279391,96,7256.144442
12.08503,70,7273.176307
13.362907,86,7291.172179
13.391943,118,7310.067377
26.356631,150,7329.810846
54.091554,467,7363.010652
18.988088,168,7384.522832
9.551001,65,7401.796376
25.935593,241,7426.095001
45.958004,309,7453.366795
8.359085,89,7471.09899
48.028545,404,7501.688674
48.680028,264,7526.491036
11.175551,67,7543.439288
52.042375,296,7569.248811
8.970695,53,7585.150318
14.647599,104,7603.411027
18.171514,209,7625.689011
7.513427,67,7642.23454
10.888393,56,7658.914562
19.135453,154,7679.206986
25.519884,204,7701.416696
11.540349,64,7717.813564
20.737428,154,7738.003433
8.909007,85,7755.159227
11.37664,71,7772.020157
14.363735,176,7793.030654
36.142608,429,7824.783471
28.253798,233,7848.108867
35.381364,278,7873.826749
12.716813,158,7894.229266
17.032802,210,7916.822016
17.534655,90,7934.276279
27.115675,211,7957.145498
26.779248,256,7981.626468
25.630534,238,8005.746292
51.991965,492,8040.48832
18.487204,132,8060.123346
25.11331,168,8080.493996
15.595145,154,8100.344143
55.48435,426,8130.937791
5.862652,47,8147.074589
9.575194,60,8163.655587
26.825168,171,8184.224821
9.375139,68,8200.937081
6.409648,75,8217.615402
22.518513,134,8237.252829
8.778933,74,8254.628975
34.121157,378,8284.140227
17.719343,239,8308.270182
8.184862,66,8325.529485
11.714199,138,8343.946374
16.967717,179,8366.225155
11.208737,66,8383.609509
7.466735,70,8401.058366
18.187999,183,8423.133274
21.842147,264,8448.731466
30.642306,210,8471.438268
39.99533,322,8499.220126
18.529503,137,8519.41584
31.977297,295,8545.750709
27.061582,251,8571.003962
16.658321,173,8592.630063
7.977483,66,8609.892574
51.342191,305,8637.329033
8.644605,59,8654.716716
12.999243,105,8672.562706
52.408709,373,8702.001949
9.430616,68,8719.136821
5.99878,79,8736.685724
4.325588,42,8752.216223
13.962157,111,8771.053731
19.491582,196,8793.21981
17.331648,173,8814.845413
22.654417,293,8840.863031
93.814497,544,8877.050275
19.911145,193,8899.942691
7.182669,76,8917.255255
8.140692,67,8933.715976
13.167472,130,8953.29373
4.785491,49,8969.820417
22.509775,222,8993.046395
17.891461,158,9013.472146
10.97181,58,9030.046718
11.142308,62,9046.664032
12.277142,67,9062.999041
13.313239,78,9080.926354
38.431784,358,9109.653381
33.915793,287,9135.669059
20.262072,148,9155.828493
25.985437,160,9176.827509
22.295863,124,9196.082539
28.979294,306,9221.893736
25.986243,173,9242.87763
24.155852,243,9266.442573
7.163958,52,9282.72941
17.05768,132,9301.963439
18.972916,148,9322.057137
11.325205,66,9338.744339
9.01179,54,9355.233905
9.706921,84,9372.856484
10.897357,95,9390.690376
7.249129,52,9407.019666
9.059151,55,9423.160387
10.756576,66,9439.885664
49.69051,609,9478.548831
10.1308,65,9496.145775
7.141756,67,9513.270165
9.058735,46,9529.839397
11.350037,89,9546.824071
10.497306,55,9563.459144
9.956427,60,9579.915928
15.13659,79,9597.423115
18.725982,128,9617.247942
12.768721,77,9635.043483
42.744548,230,9658.142282
11.490395,58,9675.092032
8.492112,58,9691.62192
8.398136,50,9707.945979
12.030664,68,9724.949748
16.959091,111,9743.477838
9.952825,51,9759.845769
22.443991,128,9779.67714
11.900243,64,9796.781924
36.841959,329,9825.078611
59.434312,581,9862.299316
16.647442,153,9882.369827
18.453164,107,9900.67239
6.666731,52,9915.871105
9.863956,58,9931.594379
10.110089,53,9947.088617
17.487029,141,9966.957147
21.411061,180,9988.008852
10.782581,66,10004.939086
8.432152,51,10021.170186
6.207114,43,10036.860386
8.152948,46,10052.318281
6.557335,43,10067.855539
23.511251,142,10087.315738
6.601556,49,10103.057673
22.697536,140,10122.966955
20.959821,173,10143.943994
11.440538,69,10160.624038
18.024326,290,10186.214701
49.438889,298,10212.338193
6.743152,47,10228.037584
30.14629,228,10251.572607
42.075967,273,10275.912103
11.478745,71,10292.744163
31.421376,198,10313.606849
88.17122,666,10354.771127
19.56567,156,10375.27027
7.949009,48,10391.3031
14.289099,121,10409.672874
8.174919,52,10426.024765
6.713663,44,10441.392508
9.266478,57,10457.627946
15.395237,103,10475.391384
9.12146,49,10491.886126
7.366225,45,10507.879137
8.884355,49,10523.864989
11.94479,70,10540.907788
13.602119,90,10558.706901
9.473198,52,10575.115115
9.941745,61,10591.574752
16.502736,122,10610.212896
8.481705,46,10626.449357
15.673528,161,10647.455379
29.204539,202,10670.523564
7.809193,52,10687.332614
13.826502,72,10704.457632
30.507308,258,10729.697908
24.794223,219,10752.843063
58.458556,350,10782.143802
48.486911,356,10811.259427
9.532034,69,10828.456051
8.819071,63,10845.444618
13.440947,134,10864.799051
27.210281,183,10887.920387
28.019698,268,10912.965006
31.76307,295,10939.090628
23.609104,135,10959.537716
39.550353,385,10988.884582
7.27682,41,11004.53523
13.418353,168,11025.63165
58.997631,781,11060.527498
31.356148,436,11091.630197
15.455691,122,11111.140123
15.867874,159,11131.192669
66.901152,655,11170.414873
110.187196,598,11208.273114
11.226636,52,11224.29615
76.589201,496,11257.578296
26.391173,186,11278.768162
75.288132,619,11317.367091
28.099643,163,11338.172626
25.222943,212,11360.692176
33.276323,292,11385.998482
11.812254,69,11402.560781
22.651356,168,11423.57736
40.875046,432,11454.525852
38.447225,330,11481.703197
17.456291,185,11502.867436
41.107058,253,11526.729634
63.682956,561,11563.723247
45.323898,463,11597.088601
41.118396,269,11622.392094
19.870329,131,11642.020905
35.041245,301,11668.206637
41.406453,253,11692.145071
46.781606,312,11718.488413
32.148181,312,11744.880109
8.77521,52,11760.558813
32.483928,431,11791.978325
26.893057,206,11815.163338
13.779525,125,11834.631218
15.387432,141,11854.482626
8.057499,67,11871.683997
34.789493,305,11898.518021
24.350451,302,11924.95317
10.952253,71,11942.540409
19.673325,133,11962.576751
16.41137,176,11984.768875
22.817678,200,12007.703143
31.021829,200,12030.52516
31.685312,281,12056.331154
63.919836,495,12091.688311
14.990749,96,12109.907418
10.386163,69,12127.578523
21.599021,184,12149.134548
17.930043,212,12172.288974
19.446595,129,12191.349767
12.814403,66,12207.710069
81.542047,498,12242.23048
17.987912,155,12262.369943
16.445595,124,12281.849449
14.064652,107,12299.93595
31.705225,277,12325.0465
28.204461,245,12349.300379
17.828905,224,12372.569421
22.032265,184,12393.541269
11.206976,84,12411.279033
35.540719,236,12435.117756
66.607791,477,12464.43363
23.22554,104,12474.051884
30.615509,164,12490.378688
16.338928,180,12510.172257
20.26524,125,12529.575613
14.911375,246,12553.449139
7.336052,63,12570.020413
23.166251,143,12589.960796
39.774285,197,12611.431509
121.592663,772,12657.292949
26.581915,266,12681.938488
37.914896,206,12704.702978
16.22099,139,12724.239191
28.097344,257,12748.300331
19.995307,166,12769.028444
30.448396,169,12789.522076
13.465397,69,12805.411694
64.989301,390,12834.496414
46.709371,287,12859.553626
31.681213,197,12881.45268
22.44142,134,12900.437478
45.400931,431,12931.156142
10.747062,67,12947.722502
38.002982,318,12974.95576
10.621248,76,12993.090474
33.311561,258,13018.283412
58.773631,490,13053.032145
26.931824,194,13075.489436
44.278084,487,13109.619046
96.059555,793,13155.291533
13.970078,63,13172.643253
94.641565,512,13207.269948
19.284358,115,13226.253052
17.682078,96,13244.763776
28.272945,202,13267.775893
107.842117,1001,13322.07063
48.712964,372,13351.443635
33.424641,448,13383.08322
22.524242,172,13404.306795
12.878794,72,13421.719502
10.380307,63,13438.738858
46.099235,264,13464.130552
28.939658,269,13489.493399
10.975676,68,13506.723756
26.827311,157,13527.234478
32.243052,174,13548.41626
22.93025,170,13569.469613
9.462,57,13586.195094
52.692132,481,13618.952837
62.325456,521,13654.20068
19.395169,181,13675.585648
121.618319,649,13717.857089
36.699952,337,13745.208415
32.485817,205,13767.447198
30.233099,294,13793.945422
98.024451,621,13833.03021
117.264744,842,13881.207215
58.855336,402,13911.996472
27.916135,201,13934.41356
24.470813,151,13954.585061
63.789307,668,13995.255915
72.473847,441,14026.866359
10.998613,79,14044.231412
41.253818,343,14072.05506
17.007645,131,14091.356156
37.571527,458,14124.195374
83.185652,555,14160.994088
21.068502,183,14183.322538
74.107613,516,14218.524468
49.665112,273,14244.434195
112.494758,459,14276.715564
26.493051,242,14300.663187
15.263243,88,14318.777741
56.053424,535,14354.802331
53.41793,454,14387.267205
53.762058,510,14422.105138
11.163233,63,14439.644792
84.193033,498,14473.562598
54.692616,413,14504.158531
7.55543,64,14520.25622
267.524122,1001,14573.673849
223.264072,1001,14628.281424
11.59993,63,14645.259706
135.542409,939,14697.103857
41.181511,288,14720.602343
324.363938,1001,14775.003144
20.193564,137,14793.431479
38.128991,217,14815.902554
155.640539,702,14856.940553
57.038997,564,14892.89752
29.263536,220,14915.661613
242.844806,1001,14969.091264
45.857361,302,14994.934836
14.304217,132,15013.881424
128.790659,934,15064.062468
20.897811,136,15083.190526
51.445494,367,15112.994846
48.054049,387,15143.176301
69.288327,499,15177.575531
98.878772,637,15217.074812
64.937101,420,15247.437042
133.630629,1001,15300.613239
101.439015,513,15335.444993
146.965809,727,15379.081872
37.18014,278,15404.614748
94.107019,668,15445.850211
73.928688,468,15479.616613
16.992602,149,15500.366902
11.672222,63,15515.791573
151.411501,703,15558.581172
22.117297,158,15579.32072
33.05727,371,15608.097374
21.126195,129,15627.920394
273.981211,985,15681.009912
23.830337,156,15700.977644
136.669183,670,15741.868003
37.126073,285,15766.909465
11.871664,60,15782.798442
161.709559,731,15825.693588
12.450616,57,15841.913934
162.968089,1001,15896.496466
30.711182,238,15920.253179
36.361911,241,15944.255266
20.341654,90,15961.722785
99.146881,499,15996.278734
43.615403,288,16022.18268
260.937255,1001,16076.600236
104.353925,646,16116.430793
125.653278,611,16154.275963
81.01645,463,16186.642459
13.928679,76,16204.34844
43.150464,296,16230.219986
271.556953,1001,16284.503232
119.278159,723,16326.982828
29.339574,233,16350.181621
13.346839,69,16366.931306
18.154186,188,16387.5678
46.856662,353,16415.176959
19.468979,140,16434.747333
28.285885,146,16454.311905
115.3187,438,16485.432804
87.477914,463,16518.091434
33.520663,233,16541.602434
102.216894,755,16586.246156
16.362167,80,16604.475548
26.22847,136,16624.610279
202.483391,1001,16679.076897
108.210688,514,16713.80735
136.091409,527,16749.632664
15.342357,86,16768.244362
157.376723,902,16818.065104
11.10572,59,16834.416362
337.260276,1001,16888.726475
223.236124,906,16938.756176
35.463333,215,16961.880574
106.100881,505,16996.534988
309.543886,996,17051.030328
53.715767,395,17080.609732
27.419133,309,17106.642678
38.281194,280,17131.754401
126.362207,521,17166.823094
72.541002,450,17199.207553
294.893297,1001,17253.604004
322.853804,1001,17307.323201
97.396825,470,17340.11455
71.486527,333,17368.230335
55.004896,318,17395.762061
142.590143,727,17439.834968
336.621816,1001,17493.580794
296.694045,1001,17547.11842
59.873247,326,17574.576084
40.212058,320,17600.650507
52.471506,371,17629.41908
210.321587,817,17675.530848
112.399412,705,17717.323139
62.430242,530,17752.38803
318.552114,1001,17805.498815
38.975132,213,17827.054299
316.4914,1001,17881.210653
14.506011,67,17897.384476
378.083648,1001,17954.224314
108.732097,519,17988.633891
80.414387,398,18018.309632
34.399364,540,18053.680737
137.429179,513,18087.980397
170.293479,888,18137.660189
384.091101,1001,18191.39612
231.872852,1001,18244.266573
14.643912,67,18261.050494
71.548719,521,18295.791796
265.136765,887,18344.660275
359.838434,1001,18397.605276
419.54904,1001,18453.332084
19.588853,84,18470.557199
343.898812,1001,18525.637194
459.227929,1001,18579.0154
202.881977,690,18620.182673
52.355389,326,18646.831805
349.991614,1001,18700.035561
17.303337,139,18718.863057
58.592241,221,18741.51164
77.857393,485,18774.837117
250.961741,748,18817.701879
362.205254,1001,18871.568934
13.291209,64,18888.436357
312.027652,1001,18942.119048
302.482373,1001,18996.944654
192.26268,602,19035.717012
14.43358,102,19054.134578
34.471122,177,19075.085578
405.933966,1001,19128.127211
258.706302,1001,19181.604147
349.76561,1001,19235.19489
335.924019,1001,19288.740955
379.18523,1001,19342.27141
224.907092,706,19386.175175
316.972409,1001,19439.904616
393.398246,1001,19494.164616
91.515232,451,19526.839974
303.571965,1001,19580.799457
315.509772,783,19625.540484
137.948888,478,19658.162828
67.85835,312,19685.259814
118.778248,529,19720.469692
24.127307,150,19742.030541
30.450014,196,19764.041313
347.231683,1001,19818.178532
342.292416,1001,19871.717896
59.267735,298,19897.581377
355.377456,1001,19951.730088
350.834091,1001,20005.479677
294.965725,1001,20060.921752
413.687004,1001,20116.493756
348.733357,1001,20170.301981
227.449377,731,20213.105556
21.805622,143,20233.421836
299.339833,1001,20287.355632
369.56188,1001,20341.525769
48.93734,207,20364.393094
13.426661,90,20382.238231
323.624091,1001,20435.328465
466.461999,1001,20489.129315
345.896511,1001,20543.144168
188.151535,613,20582.140556
416.770939,1001,20635.962885
368.641345,974,20688.11069
369.705353,1001,20742.178862
304.259462,849,20790.380749
514.214619,1001,20844.102356
481.19322,1001,20898.098859
352.390688,1001,20952.530058
408.48323,1001,21006.748324
319.132086,1001,21062.050753
122.671682,391,21091.619335
46.992383,254,21116.060392
406.439816,1001,21170.159266
274.331089,893,21219.525376
351.313302,1001,21273.491804
93.066504,377,21302.906918
403.386784,1001,21356.945996
157.558768,627,21396.802425
53.286983,311,21423.930125
368.42383,1001,21478.238607
546.76772,1001,21531.685555
478.135026,1001,21582.924026
464.137098,1001,21636.109287
497.623584,1001,21690.531091
512.52815,1001,21743.94776
313.000043,1001,21797.692852
420.116925,1001,21851.559832
267.208771,774,21891.843013
137.694512,542,21926.971352
522.559958,1001,21982.386493
45.816803,245,22007.592848
330.376018,1001,22062.755049
362.337111,894,22111.827793
242.96373,708,22154.353405
487.541235,1001,22207.277958
196.420716,697,22249.237006
484.626501,1001,22302.858906
407.732111,1001,22356.83161
407.442619,1001,22411.018496
290.87527,882,22460.398577
289.212281,718,22503.067926
477.016038,1001,22557.051412
100.023994,427,22588.019538
415.9625,1001,22641.852097
436.075696,1001,22696.182376
425.738931,1001,22749.7201
348.628838,924,22800.862708
232.01201,873,22849.307423
392.865008,1001,22904.176542
19.964262,126,22923.044983
128.853273,671,22964.323108
81.732586,494,22997.486539
418.415091,1001,23051.02897
122.72643,433,23081.818615
20.241965,141,23101.317045
388.414106,1001,23154.756988
372.666968,1001,23210.98407
76.192901,657,23251.095718
520.575914,1001,23304.554699
524.270537,1001,23358.477402
145.915465,428,23389.745269
373.597953,1001,23442.924183
361.954474,884,23493.378748
514.456009,1001,23547.984464
156.75066,455,23581.458424
389.999691,1001,23635.153892
460.428626,1001,23688.632821
270.082541,766,23733.532041
470.331809,1001,23787.55848
175.158129,555,23823.573225
224.043433,624,23862.324721
123.549375,467,23895.635708
213.723407,721,23938.479999
78.089817,359,23967.588416
90.137731,410,23998.228538
139.466913,529,24033.628195
456.353528,1001,24087.702071
488.89837,1001,24141.709462
391.101365,1001,24195.208335
108.388226,454,24227.310615
44.079156,263,24251.722945
458.509682,1001,24305.832227
165.008665,512,24340.602061
100.118864,390,24370.341836
41.057467,213,24392.75526
390.170982,1001,24446.211978
427.809021,1001,24499.815612
494.820475,1001,24553.482494
164.141511,668,24593.958907
463.819797,989,24647.037692
60.79625,284,24671.948599
373.247079,916,24722.68909
39.465789,220,24746.01604
343.28446,1001,24801.988229
15.678223,119,24821.554394
308.292909,969,24874.966205
89.720963,438,24906.792636
337.587436,863,24954.981623
93.013918,401,24986.611568
481.050285,1001,25040.473959
512.994082,1001,25093.33335
519.682285,1001,25147.38004
484.777791,1001,25200.884958
99.304049,628,25240.43627
69.951344,401,25270.476988
223.331111,736,25314.213285
128.348303,534,25349.074727
273.900963,1001,25402.50821
369.147389,1001,25456.126348
100.393759,685,25498.492909
10.365232,72,25515.854399
62.94369,321,25543.017917
451.57871,996,25596.365694
214.816551,790,25641.492904
108.171544,544,25677.549661
465.847966,1001,25731.116901
208.783735,731,25773.720751
468.935502,1001,25827.45765
18.164849,152,25847.821847
468.321314,1001,25901.948916
41.26227,241,25925.923162
356.966455,1001,25979.489301
13.898213,99,25998.25168
455.805207,959,26050.321377
175.409968,631,26088.810682
513.37992,1001,26143.083277
429.325554,1001,26197.47772
542.83272,1001,26251.794969
282.991314,1001,26305.674898
481.475702,1001,26358.972876
427.156185,1001,26412.064457
453.689346,1001,26465.16265
155.195557,748,26508.286244
375.68335,1001,26561.554182
511.332858,1001,26615.477049
186.883725,963,26667.421407
465.909074,1001,26722.094923
435.177714,1001,26776.593597
266.208306,649,26815.276272
564.677646,1001,26869.214394
408.504384,1001,26922.240359
527.366991,1001,26975.656888
449.931074,1001,27029.667667
63.063587,306,27056.40665
447.496958,1001,27111.90379
421.373165,1001,27167.344481
469.902151,1001,27221.662915
560.906528,1001,27275.80261
506.761224,1001,27329.798866
437.159979,1001,27383.916604
347.434743,1001,27437.428676
397.288019,1001,27490.995528
473.748978,1001,27543.814525
308.699797,1001,27597.217544
481.482488,1001,27650.456148
531.068336,1001,27703.915168
501.441933,1001,27756.670213
486.551924,1001,27810.433895
489.860926,1001,27864.177918
521.112544,1001,27916.80435
509.318795,1001,27971.485712
426.444312,1001,28026.538805
352.85856,1001,28080.177619
497.989566,1001,28133.76677
181.414452,506,28167.888618
405.028589,1001,28221.473994
421.398815,1001,28273.981934
531.88786,1001,28326.989991
363.507261,1001,28381.532323
516.036828,1001,28435.160699
437.147895,1001,28488.615868
485.913331,1001,28542.208155
365.264174,1001,28595.251708
411.835665,1001,28649.262508
521.332235,1001,28702.249789
406.054458,1001,28755.466224
464.612865,1001,28807.947132
435.265645,1001,28862.266081
424.424292,1001,28915.40934
499.527411,1001,28969.756289
508.022177,1001,29023.617082
445.037072,1001,29077.454718
392.47306,1001,29131.064877
500.597413,1001,29185.462561
434.092211,1001,29238.819291
460.754882,1001,29291.942139
502.4161,1001,29344.840607
493.736168,1001,29396.940063
420.897199,1001,29450.76589
155.801712,475,29484.083548
446.962364,1001,29538.293352
514.135773,1001,29592.018622
468.94544,1001,29645.89458
394.625249,1001,29699.689063
338.992983,1001,29752.435022
564.3142,1001,29805.260677
480.77996,1001,29858.325282
433.902233,1001,29911.678969
462.40014,1001,29966.987104
506.37827,1001,30019.493751
307.041569,712,30061.284368
505.002203,1001,30114.344323
536.48538,1001,30167.515489
443.512199,1001,30221.136383
527.779212,1001,30274.93507
470.801137,1001,30328.548177
496.779325,1001,30382.77716
508.894221,1001,30430.191145
491.000066,1001,30487.004533
562.417698,1001,30542.446939
481.554482,1001,30597.178842
529.036661,1001,30651.262114
475.135752,1001,30705.575183
499.211412,1001,30759.057057
537.452027,1001,30810.533444
448.910975,1001,30864.371601
518.916028,1001,30911.908334
497.512444,1001,30963.345068
423.863233,1001,31016.577937
526.052314,1001,31069.926662
534.056898,1001,31119.704895
482.674183,1001,31173.276246
419.659219,1001,31227.053272
379.001167,1001,31280.628423
447.005018,1001,31333.645399
464.960263,1001,31386.843534
532.873427,1001,31440.127067
469.485194,1001,31492.991548
538.751449,1001,31547.907115
444.726693,1001,31601.051615
387.888416,1001,31654.412835
443.104922,1001,31708.041517
390.583849,1001,31762.123852
419.764597,1001,31815.870486
419.968362,1001,31869.34925
414.173482,1001,31923.329122
241.12712,680,31964.690177
479.34599,1001,32019.283958
455.140417,1001,32073.680972
434.966747,1001,32127.244752
477.862796,1001,32180.70657
468.787184,1001,32233.308274
543.499973,1001,32286.763479
527.469414,1001,32340.174513
379.276973,1001,32393.757321
477.764812,1001,32447.227391
361.387046,967,32499.143596
391.978409,1001,32552.768575
200.03437,607,32591.706615
309.068774,1001,32645.308026
397.763753,1001,32699.158236
438.317063,1001,32753.25071
203.277775,529,32788.82555
434.094818,1001,32842.476352
522.141728,1001,32896.043653
492.088395,1001,32950.040082
460.720489,1001,33004.218466
416.749233,1001,33058.26037
535.769627,1001,33112.159762
522.910195,1001,33165.638456
208.8075,627,33205.327178
478.3806,1001,33258.306845
398.904039,1001,33311.82844
347.451718,1001,33365.035523
368.290847,1001,33418.566921
371.296984,1001,33471.917167
395.425649,1001,33525.105876
415.835272,1001,33578.095431
438.570657,1001,33631.503444
466.351911,1001,33685.634701
548.838871,1001,33738.738503
377.583258,1001,33791.890627
531.338628,1001,33844.563077
394.075796,1001,33897.686535
455.632646,1001,33951.659807
454.963006,1001,34005.052448
438.74462,1001,34057.83088
121.293632,498,34091.791513
401.602274,1001,34144.96964
483.971922,1001,34197.993712
357.562823,970,34249.732541
251.596551,769,34293.918381
297.413157,797,34338.931585
204.618668,695,34380.301061
401.816601,1001,34434.105026
394.891825,1001,34487.582038
446.016486,1001,34540.767876
453.422734,1001,34593.849647
483.089459,1001,34647.198563
456.285341,1001,34700.915284
41.085623,185,34722.082515
290.163186,792,34767.265011
522.513816,1001,34821.911248
391.684415,1001,34875.639377
448.625861,1001,34928.436454
472.398732,1001,34982.049428
545.686673,1001,35035.807256
331.504632,1001,35088.42027
415.418132,1001,35142.041915
502.15655,1001,35194.962909
421.240648,1001,35248.35149
404.257953,1001,35302.634389
497.67274,1001,35356.686414
423.128331,1001,35410.357716
529.036396,1001,35463.995884
496.40007,1001,35517.413719
455.242715,1001,35571.446691
447.714634,1001,35624.58972
458.515826,1001,35678.557799
564.867594,1001,35732.865435
82.966689,273,35758.250866
482.995276,1001,35811.621032
427.838836,1001,35865.771363
480.157098,1001,35919.896979
533.771952,1001,35973.973811
499.666071,1001,36027.765678
468.039963,1001,36081.2179
512.070988,1001,36134.230478
465.02547,1001,36189.145162
440.685,860,36236.7035
530.915622,1001,36289.481781
487.745666,1001,36342.366451
172.180526,497,36375.629015
202.346364,553,36411.377349
485.06446,1001,36466.065454
315.126181,1001,36519.730018
463.06816,1001,36572.42494
364.865357,873,36620.777534
469.567375,1001,36673.788232
465.462811,1001,36727.575311
398.597479,1001,36780.684073
491.516478,1001,36833.651386
415.675331,1001,36887.159021
437.446698,1001,36940.823433
429.401383,1001,36994.674145
423.979835,1001,37048.411788
482.071851,1001,37102.319045
392.084521,1001,37156.290237
45.497567,309,37182.651387
528.980342,1001,37236.220934
75.538029,264,37260.95145
384.320549,1001,37314.938833
355.993954,1001,37368.785883
272.643881,730,37411.359194
508.352434,1001,37465.426566
52.95817,211,37488.06328
296.691927,742,37531.228286
372.680067,1001,37583.420413
479.674306,1001,37636.705189
402.000482,1001,37690.091364
473.297025,1001,37742.782181
399.935676,1001,37795.763551
43.977,214,37817.674982
37.197175,197,37839.648316
286.178066,834,37886.058632
501.043974,1001,37939.406512
560.169027,1001,37993.049099
256.153118,645,38032.396658
460.048529,1001,38085.522882
403.384386,1001,38140.432507
177.411482,546,38176.261644
516.910872,1001,38229.798397
474.35948,1001,38283.70374
529.245924,1001,38337.653462
411.866113,1001,38391.503832
587.48383,1001,38444.768796
358.969416,1001,38498.907887
473.07085,1001,38552.105437
508.467851,1001,38605.405289
396.810721,1001,38659.44548
53.579551,233,38682.207573
557.604701,1001,38735.764831
545.177851,1001,38789.089611
506.745843,1001,38842.70172
454.012877,1001,38896.375658
551.117113,1001,38949.823398
565.029467,1001,39003.734995
438.398092,1001,39056.901073
556.843277,1001,39110.280607
553.265915,1001,39163.942975
555.311369,1001,39217.479868
578.360129,1001,39270.936186
237.54419,586,39308.557178
471.811782,1001,39362.193694
467.955991,940,39413.515028
389.465387,1001,39467.255993
300.178455,766,39512.099009
469.045277,1001,39565.639003
54.85878,207,39588.273675
423.670157,1001,39641.963438
551.661531,1001,39695.524616
552.947747,1001,39749.290137
452.569354,1001,39804.329917
647.062608,1001,39857.17589
111.499597,330,39881.739295
567.255333,1001,39935.018705
596.944407,1001,39988.527851
553.360879,1001,40042.125831
73.175568,287,40067.340128
426.255776,1001,40120.331974
601.849024,1001,40172.149838
520.603788,1001,40225.654256
557.366226,1001,40279.321022
514.233815,1001,40332.425903
260.976873,586,40369.420501
64.77492,236,40392.503533
543.201485,1001,40445.921139
513.688057,1001,40500.087992
40.467726,169,40521.253487
540.403035,1001,40574.318641
574.539888,1001,40627.570827
566.127292,1001,40681.82595
143.718602,408,40712.357667
582.213061,1001,40765.83841
43.1076,176,40786.968539
615.74556,1001,40838.999274
574.572275,1001,40892.39697
99.964698,400,40921.183814
577.909375,1001,40974.320816
561.485275,1001,41027.60497
628.112883,1001,41080.432873
478.037036,1001,41133.531398
551.562307,1001,41187.012622
247.27106,581,41223.506694
53.105824,265,41248.235621
165.11761,477,41281.377981
305.041182,951,41332.755878
570.149781,1001,41385.558892
613.910538,1001,41438.609671
597.14911,1001,41493.792835
571.46137,1001,41547.816527
242.742655,666,41588.597921
521.135517,1001,41641.969529
500.235531,1001,41695.429832
36.184894,272,41720.775522
491.989041,922,41771.070406
635.295974,1001,41824.475016
554.943603,1001,41878.423923
586.249577,1001,41932.33895
600.409184,1001,41985.876964
571.178048,1001,42039.206204
592.499263,1001,42092.273622
568.984004,1001,42145.70309
354.83479,788,42191.044511
522.969278,1001,42244.057013
548.54415,1001,42297.364194
609.622228,1001,42350.849184
326.048085,677,42391.198967
589.27316,1001,42444.560283
460.415247,1001,42497.983011
553.456285,1001,42551.365425
405.6779,1001,42605.086424
544.506511,1001,42657.715711
58.800066,296,42683.601294
510.561128,1001,42737.178421
576.871461,1001,42790.198535
516.00474,1001,42844.250107
567.636836,1001,42898.346639
452.016428,1001,42952.363718
602.372998,1001,43005.756735
149.097039,430,43037.148851
633.085103,1001,43090.274561
401.467868,890,43140.570115
610.754068,1001,43194.090382
552.873704,1001,43246.654563
611.704098,1001,43299.816459
595.676474,1001,43353.391018
476.709456,1001,43407.181548
409.679546,826,43453.819731
562.890705,1001,43507.06997
543.077054,1001,43561.052969
573.455408,1001,43614.918741
489.445153,1001,43668.296195
272.028627,764,43712.254319
558.344265,1001,43765.656474
570.917527,1001,43818.925384
535.665334,1001,43872.400331
551.06475,1001,43925.633208
152.495787,404,43955.955276
486.874088,1001,44009.819122
366.836881,1001,44060.792092
162.416814,496,44093.993676
572.171195,1001,44147.406626
527.146462,1001,44201.28109
562.056444,1001,44254.561261
540.026728,1001,44307.55877
534.036861,1001,44360.739717
564.819313,1001,44413.681618
456.610035,1001,44467.013555
490.062855,1001,44520.206093
550.432884,1001,44574.055453
87.831167,357,44602.290015
491.188819,1001,44655.003711
499.028988,1001,44707.737507
542.047102,1001,44763.212413
502.744983,1001,44817.149647
604.986338,1001,44870.483985
519.251961,1001,44924.003517
44.459283,216,44946.529085
417.14699,1001,44999.278977
549.683992,1001,45052.438176
445.76733,1001,45104.062453
491.95309,970,45153.990117
551.644509,1001,45206.600262
507.489321,1001,45259.849745
495.505524,1001,45312.502492
558.552959,1001,45365.62549
461.55074,868,45413.217985
513.748301,1001,45466.072418
35.409166,202,45487.641001
379.680541,990,45540.743262
521.275265,1001,45593.617359
588.903846,1001,45647.255854
561.60647,1001,45701.156427
588.813503,1001,45754.375358
550.380022,1001,45807.726804
33.801376,189,45829.664111
174.401108,445,45859.577073
538.046028,1001,45913.312222
41.186555,188,45934.134399
575.108414,1001,46018.93523
402.254765,843,46117.270217
362.926935,1001,46199.186195
552.209336,1001,46261.546513
266.61726,650,46327.932015
501.384035,1001,46418.719663
523.207026,1001,46517.518496
516.218734,1001,46608.464149
574.386012,1001,46694.864408
426.77513,1001,46774.480688
556.333058,1001,46856.019854
71.511524,284,46885.378302
251.461807,738,46947.797965
537.536786,1001,47030.310332
599.293542,1001,47111.978442
551.713174,1001,47194.090525
524.207534,1001,47276.221054
564.226665,1001,47358.637231
498.007941,1001,47439.561505
267.55645,841,47509.690652
585.767707,1001,47591.174887
485.69677,1001,47673.149143
138.404356,421,47711.822455
617.067487,1001,47793.871857
526.627995,1001,47876.363507
557.983239,1001,47958.814963
516.476873,1001,48040.957434
64.178182,325,48074.003972
460.749849,1001,48157.048535
487.940183,1001,48239.638256
525.430403,1001,48322.795803
536.622148,1001,48406.117249
564.617712,1001,48487.631238
537.786229,1001,48570.267021
476.370484,1001,48653.117542
141.092244,610,48704.767442
539.006297,1001,48787.617034
475.598975,1001,48869.256423
376.232538,1001,48925.669111
574.8456,1001,48980.76152
98.585663,370,49009.309167
476.471915,1001,49063.865955
489.300521,1001,49119.98248
58.500771,276,49145.148999
548.964154,1001,49198.870981
161.557709,832,49245.849643
552.795453,1001,49299.457235
484.648578,1001,49352.914726
523.510852,1001,49407.006408
403.508039,1001,49459.89081
472.103207,1001,49513.561511
601.405457,1001,49567.089379
531.999582,1001,49620.796455
497.021466,1001,49674.331376
534.336355,1001,49727.44232
431.46024,1001,49780.455741
602.043637,1001,49833.843867
578.946237,1001,49887.115993
456.534808,1001,49940.370935
234.375954,602,49977.093004
269.727045,669,50015.790346
530.058481,1001,50069.372836
563.214072,1001,50122.669979
434.799448,1001,50175.965623
192.532259,574,50212.266466
218.257447,650,50252.047923
537.858084,1001,50306.074785
460.442898,1001,50360.02434
524.578281,1001,50413.134113
522.126977,1001,50466.240506
119.215817,406,50496.480083
607.312055,1001,50551.095276
36.74104,203,50573.269034
48.085112,310,50599.725663
539.360325,1001,50653.278009
484.637246,1001,50707.127702
545.154951,1001,50762.989058
539.403175,1001,50817.542607
192.883055,597,50855.793027
504.400698,1001,50910.057444
485.642438,1001,50963.616976
438.689284,884,51012.514605
591.640149,1001,51066.660064
506.005597,1001,51120.548186
551.462893,1001,51175.045199
235.25541,605,51212.849743
528.679778,1001,51267.636336
497.041635,1001,51322.650623
137.291061,421,51353.428757
593.516173,1001,51408.666635
582.058966,1001,51463.258154
445.659433,1001,51515.994079
550.739566,1001,51571.213386
506.273522,1001,51682.452853
556.261824,1001,51750.262473
586.787673,1001,51811.714351
576.106306,1001,51872.383682
602.888091,1001,51928.980325
336.440799,698,51976.051525
595.689805,1001,52036.15503
532.10865,1001,52096.927194
478.360614,1001,52157.976743
241.074957,603,52198.954504
621.384967,1001,52253.378983
584.846303,1001,52307.769426
579.430409,1001,52360.840894
593.303408,1001,52418.444663
568.568895,1001,52469.874727
620.188066,1001,52525.765986
24.208911,102,52544.194643
542.178094,1001,52598.227584
538.375635,1001,52653.243545
623.175595,1001,52708.492937
118.845833,469,52741.464628
575.321117,1001,52795.83146
611.321204,1001,52850.186139
617.334813,1001,52905.310298
544.69044,1001,52960.495018
596.417842,1001,53015.39132
133.630438,432,53050.275617
566.589813,1001,53108.587314
467.349374,1001,53166.917365
151.395255,450,53200.983806
593.592449,1001,53257.022795
558.927075,1001,53312.831782
128.890643,414,53344.209441
193.371695,542,53380.275325
440.978485,1001,53435.581024
218.10606,520,53471.616521
551.120529,1001,53526.722629
245.466176,570,53564.345262
617.193564,1001,53620.769126
113.187764,416,53652.97941
557.021246,1001,53709.602943
593.763905,1001,53765.591513
562.171604,1001,53821.827843
262.631731,627,53862.36794
578.662519,1001,53918.159531
611.792053,1001,53974.555561
577.339042,1001,54030.549238
306.299504,787,54077.609283
293.003889,681,54120.275598
608.996787,1001,54176.583126
597.70266,1001,54232.100614
475.646259,1001,54289.949908
182.305395,489,54324.030439
560.714666,1001,54380.415071
462.947567,841,54429.719077
586.110089,1001,54486.333709
615.128798,1001,54541.874851
369.413666,771,54588.252014
585.406431,1001,54643.818378
110.793521,421,54675.495016
70.383551,261,54700.821706
627.107042,1001,54756.500834
72.024889,304,54783.223712
36.665905,147,54803.705739
349.113347,835,54852.715206
544.879077,1001,54908.515822
598.554582,1001,54964.72157
548.314523,1001,55020.691142
523.345324,1001,55076.373755
433.92203,1001,55132.1994
113.747627,356,55161.426165
578.554203,1001,55217.119575
208.681859,480,55251.287349
174.474744,531,55287.546559
559.220933,1001,55344.284791
574.804671,1001,55400.113575
500.392582,1001,55455.874807
575.627826,1001,55512.350926
619.55914,1001,55568.722645
396.139963,1001,55624.724104
590.981258,1001,55680.304217
585.985588,1001,55736.438648
239.412183,724,55780.799568
534.989027,1001,55837.406591
577.067526,1001,55893.918661
281.70336,750,55939.406769
608.733775,1001,55995.253502
157.179354,513,56030.213667
560.500269,1001,56088.011265
511.542984,1001,56144.130903
502.695254,1001,56199.999264
598.362132,1001,56256.460812
399.60038,1001,56312.624377
513.606253,1001,56369.484881
538.165386,1001,56425.149111
503.505825,1001,56481.072744
289.558388,840,56530.713203
483.735264,1001,56586.170255
442.363646,1001,56642.252326
494.310678,1001,56699.012868
512.962269,1001,56755.345574
493.41817,1001,56811.646761
570.536586,1001,56867.97949
358.579337,1001,56924.72968
398.21766,969,56979.797003
276.655374,808,57028.399251
246.700016,784,57075.896916
628.691008,1001,57132.180168
508.697776,1001,57188.828221
471.759762,1001,57245.0134
576.803646,1001,57300.578448
491.890011,1001,57357.142238
539.277098,1001,57412.805224
465.834187,1001,57469.805239
42.43332,188,57492.372777
580.841506,1001,57548.737933
457.288538,1001,57605.651518
134.54731,472,57639.931447
454.989453,1001,57696.038562
587.83738,1001,57752.402622
550.581918,1001,57810.773654
356.665977,1001,57867.027383
461.54439,1001,57923.526979
629.749319,1001,57979.526465
425.299234,922,58032.72567
227.870022,617,58073.576494
328.030727,758,58120.090577
579.654264,1001,58176.539322
159.208695,441,58209.545154
511.982098,1001,58266.171858
518.673929,1001,58322.340734
468.842296,1001,58377.991546
433.088753,1001,58433.288488
531.391843,1001,58489.646443
472.212665,1001,58544.944461
546.524699,1001,58601.18047
411.197675,1001,58656.844736
613.860393,1001,58713.503923
543.239887,1001,58769.898678
487.873922,1001,58825.627083
513.56194,1001,58880.911911
502.301276,1001,58936.919695
544.156999,1001,58992.823905
595.610283,1001,59049.523889
529.612793,1001,59106.477517
479.06067,972,59161.780573
527.884216,1001,59218.224021
579.025311,1001,59274.772151
555.594932,1001,59331.936855
502.901363,966,59387.102908
413.252814,988,59443.474228
556.268166,1001,59501.9899
357.824381,777,59549.395535
599.109402,1001,59605.629123
91.341103,313,59632.569706
293.586281,699,59676.037164
472.743942,1001,59731.286683
146.249904,515,59766.766078
97.28353,291,59793.730553
341.347095,851,59843.822146
510.600631,1001,59899.646074
93.168766,345,59928.198759
591.0292,1001,59984.484683
268.395123,709,60028.721601
196.974742,556,60065.779212
204.584363,597,60104.734575
437.546448,1001,60161.024542
478.814395,1001,60217.011036
413.31591,1001,60274.106695
261.870013,655,60316.109578
481.663465,1001,60372.436973
627.07239,1001,60429.493012
565.221632,1001,60485.950613
39.409474,165,60507.563675
41.62242,199,60531.205986
236.093168,760,60577.769686
479.429938,1001,60634.537393
52.529284,313,60661.643151
135.041861,467,60695.11676
395.790958,929,60748.453987
446.363171,1001,60804.647854
550.893985,1001,60861.22206
550.006474,1001,60916.934637
401.960653,1001,60972.823479
216.857019,598,61012.927914
98.031761,336,61041.256692
95.19248,323,61068.223325
593.838202,1001,61124.239196
418.986277,1001,61180.851167
195.69179,558,61217.618516
325.285993,1001,61273.202345
190.956059,560,61311.408442
500.600735,949,61368.195009
39.870645,162,61389.346423
481.650884,1001,61445.696505
520.758965,997,61502.362167
414.709606,1001,61558.731466
438.978268,956,61613.268934
549.313085,1001,61669.141382
253.876366,650,61710.147113
581.991858,1001,61766.509923
608.469385,1001,61822.094085
581.133309,1001,61877.782388
585.587268,1001,61933.926018
528.91364,1001,61989.613748
251.166577,607,62029.294581
167.562173,471,62063.35243
549.554402,1001,62118.968595
517.666298,1001,62175.353414
470.890063,1001,62231.507555
114.323542,429,62263.763434
532.998811,1001,62319.64857
533.564013,1001,62375.544872
402.34671,891,62427.810428
527.799779,1001,62484.39146
14.486155,98,62503.434117
451.616212,1001,62560.197408
422.078609,1001,62616.717047
462.567521,1001,62673.134453
487.565764,1001,62729.642096
35.251764,199,62752.007574
555.06345,1001,62807.894217
58.578149,243,62831.842675
72.543764,295,62858.611005
603.794755,1001,62914.909618
463.452919,1001,62971.171424
561.766584,1001,63027.982854
484.804296,1001,63084.300049
544.508711,1001,63141.464715
560.544649,1001,63197.737775
27.076515,131,63217.648136
62.297832,311,63244.916652
452.284699,1001,63301.028362
530.530065,1001,63356.66694
70.449428,261,63381.750043
49.357525,211,63404.758832
493.943988,1001,63460.613694
520.769804,1001,63517.425335
66.110717,320,63545.732063
592.858756,1001,63602.367034
119.705396,394,63633.344082
313.868249,797,63681.13514
488.304908,1001,63737.880926
39.209767,223,63762.19057
451.863833,1001,63818.835638
419.809483,1001,63874.476731
344.022573,987,63930.105921
45.10729,224,63954.327327
572.48488,1001,64010.181185
60.786516,328,64037.962546
541.367749,1001,64093.601584
45.554797,200,64116.183556
531.691637,1001,64181.837888
576.63029,1001,64254.812932
